folder,start_frame,end_frame,label,commentary,username,source_file,duration_sec
2021.06.14.16.48.02_veh-12_03091_03461,448,730,,Non-Referential,Jeevan,./staging/labels - Jeevan Johnson.csv,28.2
2021.06.09.17.37.09_veh-12_04489_04816,396,705,"After this light, switch to the right lane, and keep straight",Static Referential,Jeevan,./staging/labels - Jeevan Johnson.csv,30.9
2021.06.09.14.50.36_veh-26_03310_03392,122,305,,Non-Referential,Jeevan,./staging/labels - Jeevan Johnson.csv,18.3
2021.06.14.17.26.26_veh-38_05760_05896,44,465,keep going straight after this light. continue going straight after this light but on this one switch over one lane to the right,Static Referential,Jeevan,./staging/labels - Jeevan Johnson.csv,42.1
2021.06.09.17.37.09_veh-12_01465_01790,1101,1571,"move to the most right lane. move to the right lane coming up to take a right turn on the coming light. slow down and yield for these pedestrians and bumpers, until there is a clear way and pedestrians stop for you to have the right of way, continue going at normal speed. turn to the left lane. turn to the left most lane.",Both,Jeevan,./staging/labels - Jeevan Johnson.csv,47.0
2021.06.23.20.00.35_veh-35_04162_04257,144,368,turn right here. STOP. yield until you can safely turn.,Non-Referential,Jeevan,./staging/labels - Jeevan Johnson.csv,22.4
2021.08.17.18.54.02_veh-45_02202_02416,277,832,turn left on this upcoming intersection. keep on straight and give some room for the parked cars. turn right on the upcoming road. slow down for the upcoming entrance gate and reverse through the gate.,Static Referential,Jeevan,./staging/labels - Jeevan Johnson.csv,55.5
2021.08.17.15.02.08_veh-45_02111_02303,7,954,turn right at this light. turn left at this intersection. turn right at this intersection. yield and turn left on the incoming intersection then turn right. at this coming light take a left.,Static Referential,Jeevan,./staging/labels - Jeevan Johnson.csv,94.7
2021.06.14.11.44.56_veh-35_02399_02672,163,1349,turn right,Non-Referential,Jeevan,./staging/labels - Jeevan Johnson.csv,118.6
2021.06.09.14.03.17_veh-12_02112_02202,151,432,move over one lane to the right,Non-Referential,Jeevan,./staging/labels - Jeevan Johnson.csv,28.1
2021.07.09.17.06.37_veh-35_00928_02567,1400,2204,yield for the pedestrians. take a left and turn left at the light. ,Both,Jeevan,./staging/labels - Jeevan Johnson.csv,80.4
2021.06.14.13.27.42_veh-35_01160_01331,132,841,move to the right one lane and keep straight,Non-Referential,Jeevan,./staging/labels - Jeevan Johnson.csv,70.9
2021.07.16.23.22.27_veh-14_01631_03833,264,1360,,Non-Referential,Jeevan,./staging/labels - Jeevan Johnson.csv,109.6
2021.06.09.18.23.43_veh-35_03967_05057,1828,2522,,Non-Referential,Jeevan,./staging/labels - Jeevan Johnson.csv,69.4
2021.07.16.23.22.27_veh-14_04496_06203,1859,2126,,Non-Referential,Jeevan,./staging/labels - Jeevan Johnson.csv,26.7
2021.07.09.01.37.16_veh-26_01726_01793,27,285,after the crowded pedestrians street take a right. move to the far right lane. ,Dynamic Referential,Jeevan,./staging/labels - Jeevan Johnson.csv,25.8
2021.06.09.14.03.17_veh-12_00711_00839,81,547,take a right. turn right at the light. move one lane to the left. ,Static Referential,Jeevan,./staging/labels - Jeevan Johnson.csv,46.6
2021.06.09.18.23.43_veh-35_01702_01928,110,1116,,Non-Referential,Jeevan,./staging/labels - Jeevan Johnson.csv,100.6
2021.06.14.11.44.56_veh-35_01869_01972,70,423,move one lane to the right.,Non-Referential,Jeevan,./staging/labels - Jeevan Johnson.csv,35.3
2021.06.09.17.37.09_veh-12_03219_03372,181,730,"
turn left. pull up to the entrance next to the sign. continue straight.",Static Referential,Jeevan,./staging/labels - Jeevan Johnson.csv,54.9
2021.06.14.18.33.41_veh-35_03575_03668,168,423,,Non-Referential,Jeevan,./staging/labels - Jeevan Johnson.csv,25.5
2021.06.14.11.44.56_veh-35_04178_05084,630,799,,Non-Referential,Jeevan,./staging/labels - Jeevan Johnson.csv,16.9
2021.06.23.17.31.36_veh-16_00634_01421,1471,1923,,Non-Referential,Jeevan,./staging/labels - Jeevan Johnson.csv,45.2
2021.06.14.13.27.42_veh-35_00005_00123,30,426,take a right at the sign. pull up to the entrance. now leave the entrance.,Static Referential,Jeevan,./staging/labels - Jeevan Johnson.csv,39.6
2021.06.14.11.44.56_veh-35_04178_05084,665,2069,move over one lane to the left. move over one lane to the right. move over one lane to the right.,Non-Referential,Jeevan,./staging/labels - Jeevan Johnson.csv,140.4
2021.06.09.17.23.18_veh-38_02526_03027,149,2376,move over one lane to the right. move over one lane to the right. move to the far right lane and take a right at the light. move to the left lane. take a left at this sign.,Static Referential,Jeevan,./staging/labels - Jeevan Johnson.csv,222.7
2021.06.23.14.06.20_veh-26_02505_02775,414,813,,Non-Referential,Jeevan,./staging/labels - Jeevan Johnson.csv,39.9
2021.07.16.16.08.35_veh-35_02551_02640,27,189,move over one lane to the right. ,Non-Referential,Jeevan,./staging/labels - Jeevan Johnson.csv,16.2
2021.06.14.20.14.09_veh-26_01121_01211,54,217,move to the left lane.,Non-Referential,Jeevan,./staging/labels - Jeevan Johnson.csv,16.3
2021.06.14.13.27.42_veh-35_03142_03404,321,617,,Non-Referential,Jeevan,./staging/labels - Jeevan Johnson.csv,29.6
2021.07.16.18.19.22_veh-35_00440_00858,37,1899,move to the right lane and keep straight. stay behind the crosswalk until there is enough space for you to pass the light so you don't block the crosswalk. take the right at the street before the upcoming light. take a left at the sign. pull up behind the white car. move to the left lane and continue straight. ,Static Referential,Jeevan,./staging/labels - Jeevan Johnson.csv,186.2
2021.06.09.17.23.18_veh-38_03095_03280,234,569,move over one lane to the right. ,Non-Referential,Jeevan,./staging/labels - Jeevan Johnson.csv,33.5
2021.07.09.15.53.28_veh-38_00184_02293,201,2175,"move over one lane to the right. move over one lane to the right. take a right at the light. move t the left lane. take a left at the upcoming sign. pull up behind the white car. wait till the right lane frees up, move to the right lane, and continue straight. take a right at the stop sign. move to the left lane. move over one lane to the right. ",Static Referential,Jeevan,./staging/labels - Jeevan Johnson.csv,197.4
2021.06.09.17.23.18_veh-38_04782_05228,115,2168,"move over to the right lane. move over one lane to the right. take a right at the light. move to the left lane. take a left at the sign. stop here, move a little bit out of the middle lane. pull back into the middle lane and stop right at the entrance door. continue straight. take a right at the stop sign. move to the left lane. ",Static Referential,Jeevan,./staging/labels - Jeevan Johnson.csv,205.3
2021.10.11.08.31.07_veh-50_00791_00954,17,736,,Non-Referential,Jeevan,./staging/labels - Jeevan Johnson.csv,71.9
2021.07.09.17.06.37_veh-35_00049_00237,96,872,take a left at the sign. stop at the entrance door. continue straight.,Static Referential,Jeevan,./staging/labels - Jeevan Johnson.csv,77.6
2021.10.11.05.34.05_veh-50_00697_00766,100,318,take a left. stay at the right lane. ,Non-Referential,Jeevan,./staging/labels - Jeevan Johnson.csv,21.8
2021.06.14.11.44.56_veh-35_00938_01134,405,710,take a right at the light. yield at the crosswalk for incoming pedestrians. move to the left lane. ,Both,Jeevan,./staging/labels - Jeevan Johnson.csv,30.5
2021.06.23.17.31.36_veh-16_00634_01421,150,2504,move to the left lane avoiding the car ahead. move to the left lane.,Static Referential,Jeevan,./staging/labels - Jeevan Johnson.csv,235.4
2021.08.17.17.55.18_veh-43_00358_00673,56,1441,move to the left lane behind the bus. move to the left lane and take a left at the light. take a right at the stop sign. park behind the blue car. continue straight on the same road. ,Both,Jeevan,./staging/labels - Jeevan Johnson.csv,138.5
2021.06.23.17.31.36_veh-16_00398_00623,37,441,,Non-Referential,Jeevan,./staging/labels - Jeevan Johnson.csv,40.4
2021.06.14.18.33.41_veh-35_03367_03508,34,608,,Non-Referential,Jeevan,./staging/labels - Jeevan Johnson.csv,57.4
2021.06.14.13.27.42_veh-35_00691_00798,55,231,,Non-Referential,Jeevan,./staging/labels - Jeevan Johnson.csv,17.6
2021.07.09.20.26.06_veh-35_03898_05974,389,1823,move to the right lane. ,Non-Referential,Jeevan,./staging/labels - Jeevan Johnson.csv,143.4
2021.06.14.18.42.45_veh-12_03340_03403,72,272,,Non-Referential,Jeevan,./staging/labels - Jeevan Johnson.csv,20.0
2021.06.09.14.58.55_veh-35_04695_05321,554,2091,pull up right behind the sign. move to the middle lane and continue straight. move to the left lane to avoid the car ahead. take a right at the stop sign. move to the left lane. move one lane to the right.,Static Referential,Jeevan,./staging/labels - Jeevan Johnson.csv,153.7
2021.08.17.18.44.32_veh-08_00016_00564,390,1085,take a left at the light. take a left at the stop sign. move to the left lane. ,Static Referential,Jeevan,./staging/labels - Jeevan Johnson.csv,69.5
2021.08.17.17.17.01_veh-45_00123_00191,21,274,,Non-Referential,Jeevan,./staging/labels - Jeevan Johnson.csv,25.3
2021.06.09.18.23.43_veh-35_00555_00726,59,686,move to the right most lane.,Non-Referential,Jeevan,./staging/labels - Jeevan Johnson.csv,62.7
2021.07.16.00.51.05_veh-17_03264_05261,60,2453,"move one lane to the right. after the light move to the rightmost lane. after the police car, take a right. pull up behind the car in front of you and wait till you can continue going straight on that lane. ",Both,Jeevan,./staging/labels - Jeevan Johnson.csv,239.3
2021.06.14.19.22.11_veh-38_01134_01389,658,1072,,Non-Referential,Jeevan,./staging/labels - Jeevan Johnson.csv,41.4
2021.06.09.14.03.17_veh-12_01225_01437,636,954,yield for pedestrians at this right turn.,Dynamic Referential,Jeevan,./staging/labels - Jeevan Johnson.csv,31.8
2021.06.14.18.33.41_veh-35_01363_01636,855,1100,,Non-Referential,Jeevan,./staging/labels - Jeevan Johnson.csv,24.5
2021.07.09.16.12.19_veh-26_06964_07035,65,239,,Non-Referential,Jeevan,./staging/labels - Jeevan Johnson.csv,17.4
2021.10.11.07.47.13_veh-50_00736_00843,151,499,take a left. take another left at this light.,Static Referential,Jeevan,./staging/labels - Jeevan Johnson.csv,34.8
2021.08.17.13.10.50_veh-08_01060_01340,327,841,pull up behind the white truck for a left turn. ,Non-Referential,Jeevan,./staging/labels - Jeevan Johnson.csv,51.4
2021.06.14.17.26.26_veh-38_05760_05896,18,659,"keep straight. after the light, move over one lane to the right and keep straight.",Static Referential,Jeevan,./staging/labels - Jeevan Johnson.csv,64.1
2021.07.16.22.40.23_veh-38_00818_03032,198,1290,move to the left lane. move one lane to the right. ,Non-Referential,Jeevan,./staging/labels - Jeevan Johnson.csv,109.2
2021.06.14.18.42.45_veh-12_05000_05079,76,261,"after the light, move to the right lane.  ",Static Referential,Jeevan,./staging/labels - Jeevan Johnson.csv,18.5
2021.06.14.18.42.45_veh-12_03445_03902,1038,1514,"keep straight. before the light, turn right on that street. take a left at the diamond center sign. stop behind the car with the guy at the door. turn to the lane on the left and continue straight. ",Both,Jeevan,./staging/labels - Jeevan Johnson.csv,47.6
2021.06.09.14.58.55_veh-35_01785_01883,19,472,pull up behind the grey car and move forward to get as close to the entrance as possible. ,Dynamic Referential,Jeevan,./staging/labels - Jeevan Johnson.csv,45.3
2021.06.09.17.23.18_veh-38_05239_05412,98,780,,Non-Referential,Jeevan,./staging/labels - Jeevan Johnson.csv,68.2
2021.06.23.15.18.10_veh-26_00016_00143,332,604,,Non-Referential,Jeevan,./staging/labels - Jeevan Johnson.csv,27.2
2021.07.16.20.45.29_veh-35_02509_02649,201,560,take a right. turn to the left lane. ,Non-Referential,Jeevan,./staging/labels - Jeevan Johnson.csv,35.9
2021.08.17.16.48.45_veh-43_02070_02652,280,1336,take a left at the stop sign. take a right at the stop sign. move to the left lane and take a left at the light.  ,Static Referential,Jeevan,./staging/labels - Jeevan Johnson.csv,105.6
2021.06.14.18.13.35_veh-26_01537_01717,443,632,follow the white car in front of you. yield for pedestrians before making the right turn. ,Dynamic Referential,Jeevan,./staging/labels - Jeevan Johnson.csv,18.9
2021.06.09.14.50.36_veh-26_03310_03392,168,336,,Non-Referential,Jeevan,./staging/labels - Jeevan Johnson.csv,16.8
2021.07.16.18.49.56_veh-26_00015_00235,315,959,take a right at the stop sign. move to the left lane. move one lane to the right. ,Static Referential,Jeevan,./staging/labels - Jeevan Johnson.csv,64.4
2021.07.16.21.17.55_veh-26_03860_03930,78,317,move one lane to the right.,Non-Referential,Jeevan,./staging/labels - Jeevan Johnson.csv,23.9
2021.06.09.19.40.26_veh-12_01241_01510,585,831,,Non-Referential,Jeevan,./staging/labels - Jeevan Johnson.csv,24.6
2021.07.16.16.01.30_veh-38_00016_00333,234,1412,take a right at the stop sign. move one lane to the left. keep straight.,Static Referential,Jeevan,./staging/labels - Jeevan Johnson.csv,117.8
2021.08.17.13.10.50_veh-08_00726_01027,649,1424,"take a right. take a right at the light. take a right at the light. park near the bench. get back on the road and keep straight. after the stop sign, pull up a little bit to the right and reverse back onto the street to continue straight. ",Static Referential,Jeevan,./staging/labels - Jeevan Johnson.csv,77.5
2021.06.09.14.03.17_veh-12_03798_04118,763,1533,move one lane to the right. move to the right lane most lane.  ,Non-Referential,Jeevan,./staging/labels - Jeevan Johnson.csv,77.0
2021.06.23.14.54.32_veh-16_00862_01000,23,383,,Non-Referential,Jeevan,./staging/labels - Jeevan Johnson.csv,36.0
2021.06.14.13.27.42_veh-35_01160_01331,1,850,move one lane to the right. ,Non-Referential,Jeevan,./staging/labels - Jeevan Johnson.csv,84.9
2021.08.17.14.32.33_veh-08_01262_01528,835,1252,"at the stop sign, take a left. ",Static Referential,Jeevan,./staging/labels - Jeevan Johnson.csv,41.7
2021.06.09.18.23.43_veh-35_02086_02333,228,1116,"take a right at the stop light. pull into the left entrance and stop by the walk way towards the door. continue straight on the road. before making it to the light, ensure you are on the second to last left lane.",Static Referential,Jeevan,./staging/labels - Jeevan Johnson.csv,88.8
2021.07.09.01.37.16_veh-26_02856_02932,187,345,wait for all pedestrians to pass before taking your left. ,Non-Referential,Jeevan,./staging/labels - Jeevan Johnson.csv,15.8
2021.07.16.01.22.41_veh-14_02003_02615,387,1089,turn left where the diamond sign is. pull up behind the black car and follow it. stop following the black car and move to the left lane. ,Both,Jeevan,./staging/labels - Jeevan Johnson.csv,70.2
2021.06.14.18.42.45_veh-12_02233_02300,89,263,move one lane to the right. ,Non-Referential,Jeevan,./staging/labels - Jeevan Johnson.csv,17.4
2021.06.14.18.42.45_veh-12_03913_04017,106,451,"after the police car, move one lane to the right. ",Static Referential,Jeevan,./staging/labels - Jeevan Johnson.csv,34.5
2021.06.23.15.56.12_veh-16_00066_00818,913,2222,,Non-Referential,Jeevan,./staging/labels - Jeevan Johnson.csv,130.9
2021.06.09.18.23.43_veh-35_00555_00726,291,744,"after the light, move to the rightmost lane. ",Static Referential,Jeevan,./staging/labels - Jeevan Johnson.csv,45.3
2021.06.14.19.22.11_veh-38_01480_01860,109,1821,keep straight. move to the right one lane. follow the white car until it turns right. keep straight. turn left where the diamond sign is. ,Both,Jeevan,./staging/labels - Jeevan Johnson.csv,171.2
2021.06.14.18.33.41_veh-35_00654_00887,466,762,turn to the left lane. ,Non-Referential,Jeevan,./staging/labels - Jeevan Johnson.csv,29.6
2021.06.14.18.13.35_veh-26_01537_01717,24,789,follow the white car in front of you until it turns right.,Dynamic Referential,Jeevan,./staging/labels - Jeevan Johnson.csv,76.5
2021.06.09.14.50.36_veh-26_03061_03152,0,440,keep straight. move one lane to the right. ,Non-Referential,Jeevan,./staging/labels - Jeevan Johnson.csv,44.0
2021.06.09.17.37.09_veh-12_02445_02566,122,487,keep straight. move one lane to the right. ,Non-Referential,Jeevan,./staging/labels - Jeevan Johnson.csv,36.5
2021.06.09.14.50.36_veh-26_03874_04112,123,468,,Non-Referential,Jeevan,./staging/labels - Jeevan Johnson.csv,34.5
2021.07.09.02.42.50_veh-35_02651_02770,180,373,,Non-Referential,Jeevan,./staging/labels - Jeevan Johnson.csv,19.3
2021.06.14.16.48.02_veh-12_01732_01853,81,587,follow the white car until it turns right. turn left where the diamond sign is. pull up behind the white car. ,Both,Jeevan,./staging/labels - Jeevan Johnson.csv,50.6
2021.10.11.02.57.41_veh-50_00145_00308,44,274,make a right.,Non-Referential,Jeevan,./staging/labels - Jeevan Johnson.csv,23.0
2021.06.09.14.58.55_veh-35_03312_03379,21,308,"turn right, right before the upcoming light.",Static Referential,Jeevan,./staging/labels - Jeevan Johnson.csv,28.7
2021.06.23.18.23.38_veh-26_01438_01758,9,687,,Non-Referential,Jeevan,./staging/labels - Jeevan Johnson.csv,67.8
2021.06.14.11.44.56_veh-35_04178_05084,938,1435,move one lane to the right.,Non-Referential,Jeevan,./staging/labels - Jeevan Johnson.csv,49.7
2021.06.14.19.22.11_veh-38_02466_02675,230,667,,Non-Referential,Jeevan,./staging/labels - Jeevan Johnson.csv,43.7
2021.07.09.17.06.37_veh-35_00769_00907,114,598,keep straight. move one lane to the right. keep straight.,Non-Referential,Jeevan,./staging/labels - Jeevan Johnson.csv,48.4
2021.06.14.19.22.11_veh-38_02686_02846,529,714,turn left at the diamond sign.,Static Referential,Jeevan,./staging/labels - Jeevan Johnson.csv,18.5
2021.06.09.17.37.09_veh-12_03830_04329,1729,2351,,Non-Referential,Jeevan,./staging/labels - Jeevan Johnson.csv,62.2
2021.05.12.23.36.44_veh-35_00152_00504,638,2351,Pass the Aria,Non-Referential,Marcus,./staging/labels - Yash Tandon.csv,171.3
2021.06.09.17.23.18_veh-38_02094_02305,854,1041,wait at the red light,Static Referential,Marcus,./staging/labels - Yash Tandon.csv,18.7
2021.06.09.14.50.36_veh-26_03310_03392,79,296,wait for the people to cross the crosswalk,Non-Referential,Marcus,./staging/labels - Yash Tandon.csv,21.7
2021.06.09.17.23.18_veh-38_02094_02305,715,922,shift to the right lane,Non-Referential,Marcus,./staging/labels - Yash Tandon.csv,20.7
2021.10.01.17.52.06_veh-28_00675_00737,92,299,take a right,Non-Referential,Marcus,./staging/labels - Yash Tandon.csv,20.7
2021.10.01.17.52.06_veh-28_01141_01264,265,562,take a right,Non-Referential,Marcus,./staging/labels - Yash Tandon.csv,29.7
2021.10.01.14.20.36_veh-28_00243_00388,546,717,,Non-Referential,Marcus,./staging/labels - Yash Tandon.csv,17.1
2021.10.01.18.26.05_veh-28_01081_01159,55,367,Wait for the stopped vehicle,Static Referential,Marcus,./staging/labels - Yash Tandon.csv,31.2
2021.09.15.14.00.15_veh-28_00288_00408,69,313,take a right then a left while watching out for the cyclist,Dynamic Referential,Marcus,./staging/labels - Yash Tandon.csv,24.4
2021.09.15.11.49.23_veh-28_01869_02000,429,587,take a left at the three way intersection,Non-Referential,Marcus,./staging/labels - Yash Tandon.csv,15.8
2021.09.15.11.49.23_veh-28_01869_02000,35,446,Take 2 lefts and a right to turn around,Non-Referential,Marcus,./staging/labels - Yash Tandon.csv,41.1
2021.10.06.13.21.47_veh-28_00441_00515,119,339,,Non-Referential,Marcus,./staging/labels - Yash Tandon.csv,22.0
2021.10.06.17.08.46_veh-28_00016_00116,333,488,,Non-Referential,Marcus,./staging/labels - Yash Tandon.csv,15.5
2021.09.15.11.49.23_veh-28_01869_02000,256,481,Take a left then a right,Non-Referential,Marcus,./staging/labels - Yash Tandon.csv,22.5
2021.09.15.13.52.55_veh-39_01385_01446,115,286,,Non-Referential,Marcus,./staging/labels - Yash Tandon.csv,17.1
2021.10.01.13.28.54_veh-28_01098_01337,227,497,Prepare to turn left,Non-Referential,Marcus,./staging/labels - Yash Tandon.csv,27.0
2021.10.01.19.16.42_veh-28_00094_00216,320,526,Take a right,Non-Referential,Marcus,./staging/labels - Yash Tandon.csv,20.6
2021.09.15.13.12.49_veh-39_00022_00104,127,359,Watch out for the pedestrian,Non-Referential,Marcus,./staging/labels - Yash Tandon.csv,23.2
2021.10.06.18.52.07_veh-28_01297_01462,432,688,Wait for the hazards to clear then go forward,Dynamic Referential,Marcus,./staging/labels - Yash Tandon.csv,25.6
2021.09.15.13.16.40_veh-28_02198_02321,302,458,,Non-Referential,Marcus,./staging/labels - Yash Tandon.csv,15.6
2021.10.01.18.26.05_veh-28_00005_00413,37,1645,Make a big loop by turning right and go on both bridges,Static Referential,Marcus,./staging/labels - Yash Tandon.csv,160.8
2021.10.01.19.16.42_veh-28_01731_01935,7,720,Take me to eastport Park,Non-Referential,Marcus,./staging/labels - Yash Tandon.csv,71.3
2021.09.15.14.27.22_veh-39_01491_01763,926,1263,Take a left at iron street park,Non-Referential,Marcus,./staging/labels - Yash Tandon.csv,33.7
2021.10.06.14.31.13_veh-28_00223_00350,439,595,Go into the dead end,Non-Referential,Marcus,./staging/labels - Yash Tandon.csv,15.6
2021.10.06.17.08.46_veh-28_01626_01702,39,209,Go toward summer street bridge,Non-Referential,Marcus,./staging/labels - Yash Tandon.csv,17.0
2021.09.15.11.49.23_veh-28_00280_00506,524,883,,Non-Referential,Marcus,./staging/labels - Yash Tandon.csv,35.9
2021.09.15.15.34.53_veh-28_01820_02314,768,2308,Make a big circle around the river starting at the hood milk bottle,Non-Referential,Marcus,./staging/labels - Yash Tandon.csv,154.0
2021.09.15.16.51.15_veh-28_01225_01302,0,353,Go towards hampton inn & homewood suites,Non-Referential,Marcus,./staging/labels - Yash Tandon.csv,35.3
2021.09.15.16.51.15_veh-28_01225_01302,7,355,Go to hampton inn and homewood suites,Non-Referential,Marcus,./staging/labels - Yash Tandon.csv,34.8
2021.10.06.18.52.07_veh-28_00442_00578,103,630,Go to the residence inn mariott,Non-Referential,Marcus,./staging/labels - Yash Tandon.csv,52.7
2021.10.01.18.26.05_veh-28_01081_01159,157,351,Do not pass the stalled vehicle. Wait for it to move then go.,Non-Referential,Marcus,./staging/labels - Yash Tandon.csv,19.4
2021.10.01.14.20.36_veh-28_01415_01480,68,233,,Non-Referential,Marcus,./staging/labels - Yash Tandon.csv,16.5
2021.09.15.15.34.53_veh-28_01533_01596,69,226,,Non-Referential,Marcus,./staging/labels - Yash Tandon.csv,15.7
2021.09.15.14.27.22_veh-39_00665_00745,190,393,,Non-Referential,Marcus,./staging/labels - Yash Tandon.csv,20.3
2021.10.06.13.21.47_veh-28_00441_00515,174,338,,Non-Referential,Marcus,./staging/labels - Yash Tandon.csv,16.4
2021.09.15.16.17.26_veh-28_01085_01182,28,464,Take the summer street bridge,Non-Referential,Marcus,./staging/labels - Yash Tandon.csv,43.6
2021.09.15.16.17.26_veh-28_00586_00712,8,215,,Non-Referential,Marcus,./staging/labels - Yash Tandon.csv,20.7
2021.09.15.11.49.23_veh-28_01108_01493,1423,1637,,Non-Referential,Marcus,./staging/labels - Yash Tandon.csv,21.4
2021.09.15.16.51.15_veh-28_01468_01533,24,222,Take a right,Non-Referential,Marcus,./staging/labels - Yash Tandon.csv,19.8
2021.10.01.19.16.42_veh-28_00392_00906,895,1294,,Non-Referential,Marcus,./staging/labels - Yash Tandon.csv,39.9
2021.10.01.14.20.36_veh-28_01491_01630,478,634,Go to the pier,Static Referential,Marcus,./staging/labels - Yash Tandon.csv,15.6
2021.10.06.14.31.13_veh-28_01388_01849,1501,1932,Take a left then left again,Non-Referential,Marcus,./staging/labels - Yash Tandon.csv,43.1
2021.09.15.13.12.49_veh-39_00022_00104,9,290,Leave the pier and go back to the main road,Non-Referential,Marcus,./staging/labels - Yash Tandon.csv,28.1
2021.09.15.11.49.23_veh-28_00280_00506,819,977,,Non-Referential,Marcus,./staging/labels - Yash Tandon.csv,15.8
2021.09.15.11.49.23_veh-28_00520_00669,194,469,Go to the institute of contemporary art,Static Referential,Marcus,./staging/labels - Yash Tandon.csv,27.5
2021.10.06.13.21.47_veh-28_00441_00515,65,293,,Non-Referential,Marcus,./staging/labels - Yash Tandon.csv,22.8
2021.09.15.13.12.49_veh-39_00135_00467,776,1311,Go to the institute of contemporary art,Non-Referential,Marcus,./staging/labels - Yash Tandon.csv,53.5
2021.09.15.11.49.23_veh-28_00520_00669,261,619,Take a detour to the institute of contemporary art then return to the main road,Non-Referential,Marcus,./staging/labels - Yash Tandon.csv,35.8
2021.10.01.17.52.06_veh-28_01141_01264,418,592,Keep going straight,Non-Referential,ytandon,./staging/labels - Yash Tandon.csv,17.4
2021.10.01.19.16.42_veh-28_02903_03140,387,1111,"Take the right from the roundabout and keep straight on the road, going past Boston Fish Pier",Static Referential,ytandon,./staging/labels - Yash Tandon.csv,72.4
2021.08.17.17.17.01_veh-45_02098_02251,541,723,Take a right from the signal and keep straight towards Citgo gas station,Static Referential,ytandon,./staging/labels - Yash Tandon.csv,18.2
2021.09.15.14.50.05_veh-28_00389_00508,383,563,Take left from the signal right before The Envoy Hotel,Static Referential,ytandon,./staging/labels - Yash Tandon.csv,18.0
2021.08.17.13.15.12_veh-45_01049_01467,442,1538,"Drive across Tunnel Park, then make a left in the middle of it. Then navigate to the road with the Goodwill Employment Training Center.",Static Referential,ytandon,./staging/labels - Yash Tandon.csv,109.6
2021.08.17.18.44.32_veh-08_00586_00848,944,1194,,Non-Referential,ytandon,./staging/labels - Yash Tandon.csv,25.0
2021.10.06.18.52.07_veh-28_00839_00968,71,337,Drive towards Pier 10 Park,Static Referential,ytandon,./staging/labels - Yash Tandon.csv,26.6
2021.10.01.18.26.05_veh-28_00005_00413,1150,1894,"Take a right at the intersection near The Envoy Hotel, then drive towards Residence Inn Marriott",Static Referential,ytandon,./staging/labels - Yash Tandon.csv,74.4
2021.08.17.15.02.08_veh-45_01756_01966,284,829,"Take a right at the light, then prepare to take a left past the McGowan Institute for Regenerative Medicine",Static Referential,ytandon,./staging/labels - Yash Tandon.csv,54.5
2021.08.17.13.15.12_veh-45_02124_02293,328,717,,Non-Referential,ytandon,./staging/labels - Yash Tandon.csv,38.9
2021.07.16.21.17.55_veh-26_01392_01488,17,289,,Non-Referential,ytandon,./staging/labels - Yash Tandon.csv,27.2
2021.10.01.19.16.42_veh-28_00094_00216,372,586,"Go past Dry Dock Plaza Park to take the first right, then drive straight towards the dead end",Static Referential,ytandon,./staging/labels - Yash Tandon.csv,21.4
2021.07.16.21.17.55_veh-26_05156_05225,2,219,Keep straight,Non-Referential,ytandon,./staging/labels - Yash Tandon.csv,21.7
2021.08.17.14.45.12_veh-42_00542_00803,822,1245,Take a left at the intersection with construction work to go in the direction towards Prince of Peace Roman Catholic Church,Static Referential,ytandon,./staging/labels - Yash Tandon.csv,42.3
2021.09.15.14.50.05_veh-28_00083_00152,131,281,,Non-Referential,ytandon,./staging/labels - Yash Tandon.csv,15.0
2021.10.06.14.31.13_veh-28_00981_01226,238,730,"Take a complete loop of the entire block, then prepare to turn left at the signal",Static Referential,ytandon,./staging/labels - Yash Tandon.csv,49.2
2021.10.11.05.34.05_veh-50_00442_00556,349,558,,Non-Referential,ytandon,./staging/labels - Yash Tandon.csv,20.9
2021.10.01.17.52.06_veh-28_01034_01107,193,357,,Non-Referential,ytandon,./staging/labels - Yash Tandon.csv,16.4
2021.10.11.02.57.41_veh-50_00838_01005,8,373,"Take a round of the drop-off loop ahead, and come back",Static Referential,ytandon,./staging/labels - Yash Tandon.csv,36.5
2021.08.17.18.44.32_veh-08_00586_00848,584,956,"Pull out of the curb, take the second left, then the first right.",Non-Referential,ytandon,./staging/labels - Yash Tandon.csv,37.2
2021.08.17.17.17.01_veh-45_02098_02251,185,705,"Keep going straight, then take the third right",Non-Referential,ytandon,./staging/labels - Yash Tandon.csv,52.0
2021.08.17.13.15.12_veh-45_00565_00643,181,364,Take the right to head towards Citgo,Static Referential,ytandon,./staging/labels - Yash Tandon.csv,18.3
2021.07.16.16.27.22_veh-26_00016_01515,555,1252,Exit Luxor Las Vegas and take the first left to head towards the direction of the Statue of Liberty,Static Referential,ytandon,./staging/labels - Yash Tandon.csv,69.7
2021.07.16.23.22.27_veh-14_01631_03833,2123,2530,Exit the drop-off loop,Non-Referential,ytandon,./staging/labels - Yash Tandon.csv,40.7
2021.09.15.13.16.40_veh-28_00088_00157,87,270,,Non-Referential,ytandon,./staging/labels - Yash Tandon.csv,18.3
2021.08.17.18.44.32_veh-08_00586_00848,805,1275,"Take a left, then the first right, then the first left",Non-Referential,ytandon,./staging/labels - Yash Tandon.csv,47.0
2021.09.15.14.50.05_veh-28_01511_01690,102,680,Keep straight until a left at the diagonal street towards Boston Wharf Co. Sign,Static Referential,ytandon,./staging/labels - Yash Tandon.csv,57.8
2021.10.01.19.16.42_veh-28_03307_03808,294,808,Keep straight towards Graphic Arts Building,Static Referential,ytandon,./staging/labels - Yash Tandon.csv,51.4
2021.09.15.12.32.43_veh-28_00417_00527,191,428,Perform a U-Turn by taking two rights,Non-Referential,ytandon,./staging/labels - Yash Tandon.csv,23.7
2021.10.01.19.16.42_veh-28_01511_01624,294,531,Take a right and drive straight towards the dead-end,Non-Referential,ytandon,./staging/labels - Yash Tandon.csv,23.7
2021.10.01.17.52.06_veh-28_01289_01353,5,252,Exit out of the dead-end and keep straight until the stop sign,Static Referential,ytandon,./staging/labels - Yash Tandon.csv,24.7
2021.07.16.21.17.55_veh-26_03860_03930,167,338,,Non-Referential,ytandon,./staging/labels - Yash Tandon.csv,17.1
2021.08.17.17.55.18_veh-43_00016_00083,96,325,Take a right and head in the direction of Citgo,Static Referential,ytandon,./staging/labels - Yash Tandon.csv,22.9
2021.09.15.16.17.26_veh-28_01085_01182,208,386,Take a left onto Summer Street Bridge and keep straight,Static Referential,ytandon,./staging/labels - Yash Tandon.csv,17.8
2021.07.16.23.22.27_veh-14_06339_07673,197,1763,"Keep straight towards The Cromwell Las Vegas, constantly following the white car ahead",Both,ytandon,./staging/labels - Yash Tandon.csv,156.6
2021.10.06.13.21.47_veh-28_00441_00515,63,247,,Non-Referential,ytandon,./staging/labels - Yash Tandon.csv,18.4
2021.07.16.22.40.23_veh-38_00016_00182,253,650,"Stop at the drop-off loop at Luxor Las Vegas, then take a right to exit",Static Referential,ytandon,./staging/labels - Yash Tandon.csv,39.7
2021.07.16.18.06.21_veh-38_05338_05486,186,711,Go to the Luxor Las Vegas drop-off loop,Static Referential,ytandon,./staging/labels - Yash Tandon.csv,52.5
2021.10.06.18.52.07_veh-28_00592_00655,125,287,,Non-Referential,ytandon,./staging/labels - Yash Tandon.csv,16.2
2021.10.11.07.12.18_veh-50_00345_00498,319,747,"Exit MindChamps PreSchool @ Biopolis by taking a left, then take a right at the signal",Static Referential,ytandon,./staging/labels - Yash Tandon.csv,42.8
2021.09.15.14.27.22_veh-39_01420_01480,31,246,Keep straight,Non-Referential,ytandon,./staging/labels - Yash Tandon.csv,21.5
2021.08.17.18.11.12_veh-08_00234_00611,1332,1748,Keep straight,Non-Referential,ytandon,./staging/labels - Yash Tandon.csv,41.6
2021.08.17.15.02.08_veh-45_02111_02303,472,923,"Take a right to head towards South Shore Riverfront Park, then take the left into Hot Metal Bridge",Static Referential,ytandon,./staging/labels - Yash Tandon.csv,45.1
2021.08.17.18.54.02_veh-45_00511_00579,154,324,Take the next left,Non-Referential,ytandon,./staging/labels - Yash Tandon.csv,17.0
2021.09.15.11.49.23_veh-28_01869_02000,346,563,Take a right,Non-Referential,ytandon,./staging/labels - Yash Tandon.csv,21.7
2021.08.17.14.32.33_veh-08_01262_01528,90,412,Keep heading straight before making a couple of left turns to be on the other side of the block and heading towards Hazelwood Green Plaza,Static Referential,ytandon,./staging/labels - Yash Tandon.csv,32.2
2021.07.16.20.45.29_veh-35_00016_00589,2231,2455,,Non-Referential,ytandon,./staging/labels - Yash Tandon.csv,22.4
2021.08.17.17.17.01_veh-45_01443_01678,148,609,"Enter Tunnel Park, stop at the curb before the stop sign for a few seconds, then keep straight",Static Referential,ytandon,./staging/labels - Yash Tandon.csv,46.1
2021.09.15.13.52.55_veh-39_01385_01446,83,236,,Non-Referential,ytandon,./staging/labels - Yash Tandon.csv,15.3
2021.09.15.12.32.43_veh-28_00625_00697,199,353,Keep straight,Non-Referential,ytandon,./staging/labels - Yash Tandon.csv,15.4
2021.06.09.14.03.17_veh-12_00375_00566,24,571,,Non-Referential,proy3,./staging/parthib_submissions1 - Parthib Roy.csv,54.7
2021.09.15.15.02.19_veh-39_00214_00558,633,1248,"make a right turn at the light and continue going straight, at the next stoplight make another right turn and keep going straight.",Non-Referential,parthib,./staging/parthib_submissions1 - Parthib Roy.csv,61.5
2021.10.11.05.34.05_veh-50_00568_00631,24,280,,Non-Referential,parthib,./staging/parthib_submissions1 - Parthib Roy.csv,25.6
2021.07.16.01.22.41_veh-14_01737_01980,12,1201,"follow the vehicle ahead of you at a safe distance. once the car goes on the right lane, overtake them and also go on the right lane and keep going straight",Dynamic Referential,parthib,./staging/parthib_submissions1 - Parthib Roy.csv,118.9
2021.06.09.18.23.43_veh-35_03609_03793,52,756,make a left turn at the intersection and go straight,Non-Referential,parthib,./staging/parthib_submissions1 - Parthib Roy.csv,70.4
2021.06.14.20.14.09_veh-26_01121_01211,7,440,go into the right lane and make the righ turn. then go into the very left lane. make the left turn after crossing the bridge.,Non-Referential,parthib,./staging/parthib_submissions1 - Parthib Roy.csv,43.3
2021.06.14.14.03.45_veh-38_03180_03766,1780,2252,,Non-Referential,parthib,./staging/parthib_submissions1 - Parthib Roy.csv,47.2
2021.06.23.17.31.36_veh-16_01443_01606,223,395,,Non-Referential,parthib,./staging/parthib_submissions1 - Parthib Roy.csv,17.2
2021.06.14.13.28.41_veh-12_04090_04289,243,721,make a left turn and switch into right lane,Non-Referential,parthib,./staging/parthib_submissions1 - Parthib Roy.csv,47.8
2021.06.14.18.33.41_veh-35_01193_01304,125,522,after crossing the intersection go into the right lane,Non-Referential,parthib,./staging/parthib_submissions1 - Parthib Roy.csv,39.7
2021.07.09.01.37.16_veh-26_00692_00762,136,339,,Non-Referential,parthib,./staging/parthib_submissions1 - Parthib Roy.csv,20.3
2021.06.14.11.44.56_veh-35_02696_02932,282,1030,"enter the hotel plaza. when exiting, take a right onto the leftmost lane.",Non-Referential,parthib,./staging/parthib_submissions1 - Parthib Roy.csv,74.8
2021.10.01.18.26.05_veh-28_01689_01890,62,811,make a right turn and when you see the parked vehicle in front go to the left lane. go back to the right lane after passing it and at the sotpsign make a right turn and go straight,Static Referential,parthib,./staging/parthib_submissions1 - Parthib Roy.csv,74.9
2021.06.23.20.00.35_veh-35_04162_04257,55,317,stop at the intersection to make a right turn but let the pedestrians first cross,Non-Referential,parthib,./staging/parthib_submissions1 - Parthib Roy.csv,26.2
2021.07.09.20.26.06_veh-35_01768_02782,1911,2243,,Non-Referential,parthib,./staging/parthib_submissions1 - Parthib Roy.csv,33.2
2021.06.09.17.37.09_veh-12_02324_02434,22,423,,Non-Referential,parthib,./staging/parthib_submissions1 - Parthib Roy.csv,40.1
2021.10.06.19.27.33_veh-28_00805_01736,49,1985,"go into the right lane after passing the grey vehicle on the right lane and make the right turn at the intersection. make another right turn at the next intersection, go into the left lane and continue going straight",Non-Referential,parthib,./staging/parthib_submissions1 - Parthib Roy.csv,193.6
2021.06.14.13.28.41_veh-12_03763_03829,63,271,go to the right lane when the white vehicle on the right passes you and keep going straight.,Non-Referential,parthib,./staging/parthib_submissions1 - Parthib Roy.csv,20.8
2021.06.09.12.51.31_veh-35_03371_03476,138,443,,Non-Referential,parthib,./staging/parthib_submissions1 - Parthib Roy.csv,30.5
2021.06.14.14.03.45_veh-38_03777_04059,901,1315,"make a right turn once all the pedestrians cross, then pull into the paris las vegas building",Non-Referential,parthib,./staging/parthib_submissions1 - Parthib Roy.csv,41.4
2021.09.15.13.16.40_veh-28_01817_01902,72,407,slow down when you approach the yellow trucks and slowly proceed past them,Non-Referential,parthib,./staging/parthib_submissions1 - Parthib Roy.csv,33.5
2021.10.06.17.43.07_veh-28_00302_00486,140,799,make a left turn at the intersection once the cars pass through and go straight,Non-Referential,parthib,./staging/parthib_submissions1 - Parthib Roy.csv,65.9
2021.06.09.11.54.15_veh-12_01537_01628,22,398,enter into the luxor las vegas and then exit it,Non-Referential,parthib,./staging/parthib_submissions1 - Parthib Roy.csv,37.6
2021.07.09.15.53.28_veh-38_03528_04262,1443,1854,,Non-Referential,parthib,./staging/parthib_submissions1 - Parthib Roy.csv,41.1
2021.06.09.12.39.51_veh-26_04255_04331,10,230,,Non-Referential,parthib,./staging/parthib_submissions1 - Parthib Roy.csv,22.0
2021.06.14.18.42.45_veh-12_00789_00920,229,612,,Non-Referential,parthib,./staging/parthib_submissions1 - Parthib Roy.csv,38.3
2021.06.09.14.50.36_veh-26_02376_02484,48,285,,Non-Referential,parthib,./staging/parthib_submissions1 - Parthib Roy.csv,23.7
2021.08.17.18.54.02_veh-45_01261_02086,1026,1450,make a left turn at the intersection and keep going straight,Non-Referential,parthib,./staging/parthib_submissions1 - Parthib Roy.csv,42.4
2021.09.15.12.32.43_veh-28_00015_00093,105,367,,Non-Referential,parthib,./staging/parthib_submissions1 - Parthib Roy.csv,26.2
2021.06.09.18.23.43_veh-35_03804_03956,60,741,,Non-Referential,parthib,./staging/parthib_submissions1 - Parthib Roy.csv,68.1
2021.06.14.16.48.02_veh-12_04978_05337,1198,1423,switch to the right lane when there are no cars on the right lane,Non-Referential,parthib,./staging/parthib_submissions1 - Parthib Roy.csv,22.5
2021.10.01.13.28.54_veh-28_01767_01883,113,524,go to the entrace of pier 10 park,Non-Referential,parthib,./staging/parthib_submissions1 - Parthib Roy.csv,41.1
2021.06.09.11.54.15_veh-12_02957_03110,69,709,,Non-Referential,parthib,./staging/parthib_submissions1 - Parthib Roy.csv,64.0
2021.10.06.13.21.47_veh-28_01198_01616,507,1025,make a right turn at the intersection when the light turns green,Non-Referential,parthib,./staging/parthib_submissions1 - Parthib Roy.csv,51.8
2021.07.09.23.23.48_veh-26_00054_01295,1468,2235,make a right lane switch once you pass veer towers west,Non-Referential,parthib,./staging/parthib_submissions1 - Parthib Roy.csv,76.7
2021.06.14.16.48.02_veh-12_02317_02401,47,392,make a right turn at the sotpsign and turn into the left lane,Static Referential,parthib,./staging/parthib_submissions1 - Parthib Roy.csv,34.5
2021.05.12.23.36.44_veh-35_00515_00701,67,903,"make a right lane switch after passing the intersection, then make the right turn once the pedestrians cross.",Static Referential,parthib,./staging/parthib_submissions1 - Parthib Roy.csv,83.6
2021.09.15.13.16.40_veh-28_01817_01902,40,339,"make a right turn and go straight, slow down when you see the yellow truck",Dynamic Referential,parthib,./staging/parthib_submissions1 - Parthib Roy.csv,29.9
2021.06.14.14.25.15_veh-26_04289_04406,30,494,make a left turn at the intersection,Non-Referential,parthib,./staging/parthib_submissions1 - Parthib Roy.csv,46.4
2021.10.06.13.21.47_veh-28_00139_00216,92,379,stop at the stopsign and make a right turn,Non-Referential,parthib,./staging/parthib_submissions1 - Parthib Roy.csv,28.7
2021.10.01.18.26.05_veh-28_00949_01041,101,428,,Non-Referential,parthib,./staging/parthib_submissions1 - Parthib Roy.csv,32.7
2021.06.09.14.50.36_veh-26_02495_02669,151,533,"make a right turn at the intersection, once you pass the brdieg go into the leftmost land and into the leftmost lane when you can. continue straight",Non-Referential,parthib,./staging/parthib_submissions1 - Parthib Roy.csv,38.2
2021.06.14.17.26.26_veh-38_04030_04274,680,908,switch to the right lane when you pass the white truck on the right,Non-Referential,parthib,./staging/parthib_submissions1 - Parthib Roy.csv,22.8
2021.06.09.17.23.18_veh-38_01151_01532,300,796,go into the right lane when you pass the veer towers east building,Non-Referential,parthib,./staging/parthib_submissions1 - Parthib Roy.csv,49.6
2021.06.23.20.00.35_veh-35_03660_04140,3,2314,,Non-Referential,parthib,./staging/parthib_submissions1 - Parthib Roy.csv,231.1
2021.10.11.07.47.13_veh-50_00326_00708,363,1230,make a left turn at each of next four intersections,Non-Referential,parthib,./staging/parthib_submissions1 - Parthib Roy.csv,86.7
2021.08.17.17.17.01_veh-45_00207_00594,307,1543,make a right turn at the street of springhill suites,Non-Referential,parthib,./staging/parthib_submissions1 - Parthib Roy.csv,123.6
2021.08.17.19.18.39_veh-08_00696_00823,119,347,,Non-Referential,parthib,./staging/parthib_submissions1 - Parthib Roy.csv,22.8
2021.06.14.17.26.26_veh-38_02740_03036,87,1426,,Non-Referential,parthib,./staging/parthib_submissions1 - Parthib Roy.csv,133.9
2021.06.09.12.51.31_veh-35_01587_01718,92,251,,Non-Referential,parthib,./staging/parthib_submissions1 - Parthib Roy.csv,15.9
2021.06.23.20.00.35_veh-35_03660_04140,105,876,,Non-Referential,parthib,./staging/parthib_submissions1 - Parthib Roy.csv,77.1
2021.06.14.13.28.41_veh-12_01779_02059,20,1175,"switch to the right lane once the taxi cab passes you. make a right turn at the next intersection, go into the leftmost lane and go straight",Dynamic Referential,parthib,./staging/parthib_submissions1 - Parthib Roy.csv,115.5
2021.10.01.15.32.11_veh-28_01000_01136,48,557,,Non-Referential,parthib,./staging/parthib_submissions1 - Parthib Roy.csv,50.9
2021.06.14.20.14.09_veh-26_00488_00601,95,381,,Non-Referential,parthib,./staging/parthib_submissions1 - Parthib Roy.csv,28.6
2021.08.17.14.45.12_veh-42_01866_01999,51,439,keep1 a safe distance behind the bycyclist and continue going straight,Non-Referential,parthib,./staging/parthib_submissions1 - Parthib Roy.csv,38.8
2021.06.09.18.23.43_veh-35_01232_01405,54,690,,Non-Referential,parthib,./staging/parthib_submissions1 - Parthib Roy.csv,63.6
2021.06.14.18.42.45_veh-12_01065_01152,132,386,make a left turn,Non-Referential,parthib,./staging/parthib_submissions1 - Parthib Roy.csv,25.4
2021.06.09.11.54.15_veh-12_03121_03319,76,952,make the same right turn as the blue vehicle and go into the left lane. stop before the stoplight and prepare for a left turn,Dynamic Referential,parthib,./staging/parthib_submissions1 - Parthib Roy.csv,87.6
2021.06.09.14.50.36_veh-26_04123_04185,9,268,,Non-Referential,parthib,./staging/parthib_submissions1 - Parthib Roy.csv,25.9
2021.10.11.02.57.41_veh-50_02428_02548,53,347,make a left when the stoplight turns green then go into the rightmost turning lane when you see it,Static Referential,parthib,./staging/parthib_submissions1 - Parthib Roy.csv,29.4
2021.10.11.07.47.13_veh-50_00886_00952,47,324,,Non-Referential,parthib,./staging/parthib_submissions1 - Parthib Roy.csv,27.7
2021.06.09.12.39.51_veh-26_00371_00480,142,412,go through the roundabout,Non-Referential,parthib,./staging/parthib_submissions1 - Parthib Roy.csv,27.0
2021.06.14.18.42.45_veh-12_03340_03403,67,235,,Non-Referential,parthib,./staging/parthib_submissions1 - Parthib Roy.csv,16.8
2021.09.15.14.50.05_veh-28_01511_01690,201,357,,Non-Referential,parthib,./staging/parthib_submissions1 - Parthib Roy.csv,15.6
2021.06.09.11.54.15_veh-12_05108_05331,218,866,make a right into the paris las vegas,Non-Referential,parthib,./staging/parthib_submissions1 - Parthib Roy.csv,64.8
2021.06.14.14.25.15_veh-26_02659_02759,26,447,"when you see space on your back elft side, start exiting the paris las vegas",Non-Referential,parthib,./staging/parthib_submissions1 - Parthib Roy.csv,42.1
2021.06.23.15.56.12_veh-16_00066_00818,78,1096,when the light turns green make a left turn,Static Referential,parthib,./staging/parthib_submissions1 - Parthib Roy.csv,101.8
2021.06.09.14.50.36_veh-26_05225_05311,7,362,,Non-Referential,parthib,./staging/parthib_submissions1 - Parthib Roy.csv,35.5
2021.06.14.18.42.45_veh-12_02737_02967,25,1110,,Non-Referential,parthib,./staging/parthib_submissions1 - Parthib Roy.csv,108.5
2021.07.09.01.37.16_veh-26_03432_03503,36,245,,Non-Referential,parthib,./staging/parthib_submissions1 - Parthib Roy.csv,20.9
2021.06.09.11.54.15_veh-12_00015_00259,815,1139,make a left turn when the light turns green,Non-Referential,parthib,./staging/parthib_submissions1 - Parthib Roy.csv,32.4
2021.06.09.14.50.36_veh-26_03507_03584,84,245,,Non-Referential,parthib,./staging/parthib_submissions1 - Parthib Roy.csv,16.1
2021.06.14.18.33.41_veh-35_03575_03668,105,402,,Non-Referential,parthib,./staging/parthib_submissions1 - Parthib Roy.csv,29.7
2021.06.09.14.50.36_veh-26_02376_02484,65,514,keep a distance between yourself and the white vehicle ahead of you,Dynamic Referential,parthib,./staging/parthib_submissions1 - Parthib Roy.csv,44.9
2021.09.15.15.02.19_veh-39_00856_01095,425,906,make a right turn at the stopsign and go straight. make a left at the end of the road,Static Referential,parthib,./staging/parthib_submissions1 - Parthib Roy.csv,48.1
2021.07.09.17.06.37_veh-35_05026_05593,1231,1546,make a right lane switch after passing the intersection and once the white vehicle on the right passes you,Dynamic Referential,parthib,./staging/parthib_submissions1 - Parthib Roy.csv,31.5
2021.06.14.13.27.42_veh-35_04362_04572,62,1032,make a right lane switch after passing the third intersection,Non-Referential,parthib,./staging/parthib_submissions1 - Parthib Roy.csv,97.0
2021.06.23.14.54.32_veh-16_00016_00290,165,1017,go into the wynn las vegas  at the green light and exit through it,Non-Referential,parthib,./staging/parthib_submissions1 - Parthib Roy.csv,85.2
2021.05.12.22.00.38_veh-35_00005_00118,299,495,,Non-Referential,parthib,./staging/parthib_submissions1 - Parthib Roy.csv,19.6
2021.06.14.18.33.41_veh-35_01193_01304,136,481,go to the right lane after passing the intersection,Non-Referential,parthib,./staging/parthib_submissions1 - Parthib Roy.csv,34.5
2021.08.17.18.13.38_veh-45_00410_00618,299,912,go straight after passing the stopsign,Static Referential,parthib,./staging/parthib_submissions1 - Parthib Roy.csv,61.3
2021.10.06.17.08.46_veh-28_00651_01030,320,1573,make a left turn at the green light and go straight,Non-Referential,parthib,./staging/parthib_submissions1 - Parthib Roy.csv,125.3
2021.10.01.15.32.11_veh-28_00291_00464,24,852,make a left turn at the stoplight when it turns green and when no passengers or cars are in the way,Non-Referential,parthib,./staging/parthib_submissions1 - Parthib Roy.csv,82.8
2021.06.14.13.27.42_veh-35_01854_01994,225,534,follow th epath of the white vehicle,Dynamic Referential,parthib,./staging/parthib_submissions1 - Parthib Roy.csv,30.9
2021.07.09.20.59.12_veh-38_00690_00762,90,299,switch to the right lane after passing the intersection,Non-Referential,parthib,./staging/parthib_submissions1 - Parthib Roy.csv,20.9
2021.07.16.23.22.27_veh-14_06214_06318,307,459,,Non-Referential,parthib,./staging/parthib_submissions1 - Parthib Roy.csv,15.2
2021.06.14.13.27.42_veh-35_00353_00531,85,628,,Non-Referential,parthib,./staging/parthib_submissions1 - Parthib Roy.csv,54.3
2021.07.16.16.01.30_veh-38_00356_02486,325,2366,,Non-Referential,parthib,./staging/parthib_submissions1 - Parthib Roy.csv,204.1
2021.06.09.14.58.55_veh-35_04695_05321,56,2489,"make a right turn at the intersection and go to the left lane. go to the left lane after passing the second crosswalk and go straight. make a left into luxor las vegas when you have the turn, pass through the entrance and exit it and make a right turn at the stopsign. at the intesection make a left turn.",Static Referential,parthib,./staging/parthib_submissions1 - Parthib Roy.csv,243.3
2021.05.12.23.36.44_veh-35_00712_00774,3,291,make a left turn and go straight,Non-Referential,parthib,./staging/parthib_submissions1 - Parthib Roy.csv,28.8
2021.06.14.20.14.09_veh-26_00024_00237,51,1040,make a left turn at the intersection,Non-Referential,parthib,./staging/parthib_submissions1 - Parthib Roy.csv,98.9
2021.06.09.11.54.15_veh-12_01537_01628,20,282,enter into luxor las vegas and exit through it,Non-Referential,parthib,./staging/parthib_submissions1 - Parthib Roy.csv,26.2
2021.06.09.14.58.55_veh-35_04695_05321,789,1473,exit luxor las vegas by making a right turn at the stop sign.,Non-Referential,parthib,./staging/parthib_submissions1 - Parthib Roy.csv,68.4
2021.09.15.15.02.19_veh-39_00214_00558,114,1669,"follow the vehicle ahead of you until you pass the third stoplight. at the fourth stoplight, make a right turn and continue going straight.",Dynamic Referential,parthib,./staging/parthib_submissions1 - Parthib Roy.csv,155.5
2021.09.15.14.00.15_veh-28_00420_00578,255,435,make a left turn at the intersection,Non-Referential,parthib,./staging/parthib_submissions1 - Parthib Roy.csv,18.0
2021.06.14.16.32.09_veh-35_04370_04488,3,267,leave the hotel building and make a right turn at the stopsign.,Static Referential,parthib,./staging/parthib_submissions1 - Parthib Roy.csv,26.4
2021.08.17.18.13.38_veh-45_00641_00881,13,843,make a right turn at this intersection,Non-Referential,parthib,./staging/parthib_submissions1 - Parthib Roy.csv,83.0
2021.06.14.14.03.45_veh-38_03777_04059,836,1328,"complete the right turn once the pedestrians cross the road, then enter into paris las vegas",Both,parthib,./staging/parthib_submissions1 - Parthib Roy.csv,49.2
2021.06.14.18.13.35_veh-26_00522_00702,134,810,make a left turn when the stoplight is green and when there are no pedestrians,Non-Referential,parthib,./staging/parthib_submissions1 - Parthib Roy.csv,67.6
2021.07.09.16.12.19_veh-26_06527_06591,152,307,go into the right lane after passing the intersection,Non-Referential,parthib,./staging/parthib_submissions1 - Parthib Roy.csv,15.5
2021.06.09.17.37.09_veh-12_00016_00140,258,609,make a left turn at the intersection and then switch into the right lane,Non-Referential,parthib,./staging/parthib_submissions1 - Parthib Roy.csv,35.1
2021.06.09.11.54.15_veh-12_05543_05765,7,928,"go to the right lane after passing the intersection, then at the second intersection make a right turn",Non-Referential,parthib,./staging/parthib_submissions1 - Parthib Roy.csv,92.1
2021.07.16.18.19.22_veh-35_00023_00234,301,533,,Non-Referential,parthib,./staging/parthib_submissions1 - Parthib Roy.csv,23.2
2021.07.16.22.40.23_veh-38_00371_00797,335,1981,switch to the right lane after the third stoplight,Non-Referential,parthib,./staging/parthib_submissions1 - Parthib Roy.csv,164.6
2021.06.14.13.27.42_veh-35_01698_01822,161,544,go into the right lane after passing the intersection and go straigt,Non-Referential,parthib,./staging/parthib_submissions1 - Parthib Roy.csv,38.3
2021.06.09.14.50.36_veh-26_04746_04837,248,435,,Non-Referential,parthib,./staging/parthib_submissions1 - Parthib Roy.csv,18.7
2021.10.06.14.31.13_veh-28_00014_00079,28,268,make a right turn at the stopsign and go straight,Static Referential,parthib,./staging/parthib_submissions1 - Parthib Roy.csv,24.0
2021.06.14.14.25.15_veh-26_03592_03664,27,196,,Non-Referential,parthib,./staging/parthib_submissions1 - Parthib Roy.csv,16.9
2021.09.15.12.32.43_veh-28_00417_00527,194,535,make a right tuern at the sotpsign. make a right turn again at the intersection,Non-Referential,parthib,./staging/parthib_submissions1 - Parthib Roy.csv,34.1
2021.06.14.18.42.45_veh-12_02978_03068,90,437,make a left turn after crossing the bridge. then exit the luxor las vegas,Non-Referential,parthib,./staging/parthib_submissions1 - Parthib Roy.csv,34.7
2021.06.23.20.00.35_veh-35_04162_04257,28,352,stop before the intersection to allow the pedestrians to cross the crosswalk,Dynamic Referential,parthib,./staging/parthib_submissions1 - Parthib Roy.csv,32.4
2021.06.09.11.54.15_veh-12_02734_02946,512,698,make a right lane switch when you are close to the black car ahead of you,Static Referential,parthib,./staging/parthib_submissions1 - Parthib Roy.csv,18.6
2021.08.17.13.15.12_veh-45_02304_02650,275,992,make a left turn at the intersection with aa bridge,Static Referential,parthib,./staging/parthib_submissions1 - Parthib Roy.csv,71.7
2021.09.15.13.16.40_veh-28_00642_01267,1390,2457,,Non-Referential,parthib,./staging/parthib_submissions1 - Parthib Roy.csv,106.7
2021.06.14.18.42.45_veh-12_04534_04609,11,213,,Non-Referential,parthib,./staging/parthib_submissions1 - Parthib Roy.csv,20.2
2021.06.09.14.50.36_veh-26_01698_01771,17,351,make a right turn once the twhite track passes. after passing the crosswalk go to the left lane.,Both,parthib,./staging/parthib_submissions1 - Parthib Roy.csv,33.4
2021.10.11.07.12.18_veh-50_01571_01823,293,1066,make a left at the second intersection. continue straight and make a left after passing the first stoplight,Static Referential,parthib,./staging/parthib_submissions1 - Parthib Roy.csv,77.3
2021.06.09.14.03.17_veh-12_03584_03667,165,336,,Non-Referential,parthib,./staging/parthib_submissions1 - Parthib Roy.csv,17.1
2021.06.14.18.33.41_veh-35_01647_01714,8,325,switch into the right lane after passing the firfrst interseciton,Non-Referential,parthib,./staging/parthib_submissions1 - Parthib Roy.csv,31.7
2021.09.15.12.32.43_veh-28_00202_00323,292,482,,Non-Referential,parthib,./staging/parthib_submissions1 - Parthib Roy.csv,19.0
2021.06.14.19.22.11_veh-38_01400_01469,127,322,,Non-Referential,parthib,./staging/parthib_submissions1 - Parthib Roy.csv,19.5
2021.09.15.15.02.19_veh-39_00856_01095,395,1121,at the sotpsign make a right turn and go straight,Static Referential,parthib,./staging/parthib_submissions1 - Parthib Roy.csv,72.6
2021.06.09.14.03.17_veh-12_02213_02304,6,450,,Non-Referential,parthib,./staging/parthib_submissions1 - Parthib Roy.csv,44.4
2021.07.09.17.06.37_veh-35_05026_05593,2102,2274,start making a right turn when you are able to into the right lane,Non-Referential,parthib,./staging/parthib_submissions1 - Parthib Roy.csv,17.2
2021.10.06.17.08.46_veh-28_01127_01287,8,677,make a left turn at this intersection and also the next,Non-Referential,parthib,./staging/parthib_submissions1 - Parthib Roy.csv,66.9
2021.09.15.14.27.22_veh-39_00665_00745,136,305,,Non-Referential,parthib,./staging/parthib_submissions1 - Parthib Roy.csv,16.9
2021.06.09.14.58.55_veh-35_00016_00182,30,322,"make a left turn at the intersection, stay behind the blue truck",Dynamic Referential,parthib,./staging/parthib_submissions1 - Parthib Roy.csv,29.2
2021.09.15.13.12.49_veh-39_00135_00467,66,1205,go straight at the roundabout and only turn right when its toward the institute of comptemporary art building,Non-Referential,parthib,./staging/parthib_submissions1 - Parthib Roy.csv,113.9
2021.06.14.18.33.41_veh-35_04905_05090,229,603,,Non-Referential,parthib,./staging/parthib_submissions1 - Parthib Roy.csv,37.4
2021.06.09.11.54.15_veh-12_05342_05403,73,247,follow the white car,Non-Referential,parthib,./staging/parthib_submissions1 - Parthib Roy.csv,17.4
2021.06.09.12.51.31_veh-35_00007_00089,7,277,,Non-Referential,parthib,./staging/parthib_submissions1 - Parthib Roy.csv,27.0
2021.10.01.14.20.36_veh-28_01151_01286,42,576,,Non-Referential,parthib,./staging/parthib_submissions1 - Parthib Roy.csv,53.4
2021.06.14.14.03.45_veh-38_04137_04387,359,593,,Non-Referential,parthib,./staging/parthib_submissions1 - Parthib Roy.csv,23.4
2021.10.01.17.52.06_veh-28_01441_01573,46,335,,Non-Referential,parthib,./staging/parthib_submissions1 - Parthib Roy.csv,28.9
2021.06.23.15.18.10_veh-26_00165_02848,297,1385,,Non-Referential,parthib,./staging/parthib_submissions1 - Parthib Roy.csv,108.8
2021.10.06.17.43.07_veh-28_00302_00486,272,854,make a left turn when the light turns green,Non-Referential,parthib,./staging/parthib_submissions1 - Parthib Roy.csv,58.2
2021.06.09.17.37.09_veh-12_03420_03578,118,750,go into the right lane when the light turns green and continue straight,Non-Referential,parthib,./staging/parthib_submissions1 - Parthib Roy.csv,63.2
2021.07.16.16.08.35_veh-35_02651_03700,36,2535,switch into the right lane after the third intersection and go into the right turn lane at the fourth intersection and make the right turn. go into the left lane and make the turn at luxor las vegas,Static Referential,parthib,./staging/parthib_submissions1 - Parthib Roy.csv,249.9
2021.06.23.15.56.12_veh-16_00066_00818,1223,2173,,Non-Referential,parthib,./staging/parthib_submissions1 - Parthib Roy.csv,95.0
2021.06.14.18.13.35_veh-26_04811_04953,40,705,,Non-Referential,parthib,./staging/parthib_submissions1 - Parthib Roy.csv,66.5
2021.10.06.19.27.33_veh-28_00016_00079,1,308,,Non-Referential,parthib,./staging/parthib_submissions1 - Parthib Roy.csv,30.7
2021.08.17.17.55.18_veh-43_00122_00325,12,731,"after the third stopsign, move over to the side to allow the blue vehicle behind you to pass, then merge back onto the road. at the stopsign, make a left turn. at the stoplight make a right turn and follow the white vehicle.",Both,parthib,./staging/parthib_submissions1 - Parthib Roy.csv,71.9
2021.10.11.08.31.07_veh-50_01750_01948,355,903,"make a left turn. after crossing the intersection, move over to the right lane when  you see the parked vehicle on your lane and go back to the same lane and move over to the leftmost turning lane and make the left turn once the pedestrian crosses the crosswalk",Both,parthib,./staging/parthib_submissions1 - Parthib Roy.csv,54.8
2021.06.23.16.54.19_veh-35_03299_03425,376,622,,Both,parthib,./staging/parthib_submissions1 - Parthib Roy.csv,24.6
2021.06.09.14.50.36_veh-26_04605_04729,42,525,,Non-Referential,parthib,./staging/parthib_submissions1 - Parthib Roy.csv,48.3
2021.07.09.02.42.50_veh-35_02651_02770,157,463,"after passing the speedbump, go into the left turning lake to make the left turn into luxor las vegas",Static Referential,parthib,./staging/parthib_submissions1 - Parthib Roy.csv,30.6
2021.06.14.19.22.11_veh-38_02466_02675,297,943,,Non-Referential,parthib,./staging/parthib_submissions1 - Parthib Roy.csv,64.6
2021.06.09.12.06.35_veh-35_00149_00262,30,555,make a right turn at the second stoplight once all the cars from the left side have passed,Both,parthib,./staging/parthib_submissions1 - Parthib Roy.csv,52.5
2021.06.23.14.06.20_veh-26_01563_02494,67,1259,make the right turn into veer towers west,Static Referential,parthib,./staging/parthib_submissions1 - Parthib Roy.csv,119.2
2021.10.06.13.21.47_veh-28_00016_00086,47,233,move slightly to the left side to avoid the parked white truck,Static Referential,parthib,./staging/parthib_submissions1 - Parthib Roy.csv,18.6
2021.08.17.18.54.02_veh-45_02105_02189,11,409,"at the second green light, make a right turn and continue straight",Static Referential,parthib,./staging/parthib_submissions1 - Parthib Roy.csv,39.8
2021.06.23.14.58.13_veh-35_01130_01820,540,1655,follow the white vehicle in front of you,Dynamic Referential,parthib,./staging/parthib_submissions1 - Parthib Roy.csv,111.5
2021.06.14.17.26.26_veh-38_03086_03150,39,213,,Non-Referential,parthib,./staging/parthib_submissions1 - Parthib Roy.csv,17.4
2021.06.09.14.58.55_veh-35_03312_03379,3,297,wait to make the right turn at the second stoplight until all pedestrians have crossed the road,Dynamic Referential,parthib,./staging/parthib_submissions1 - Parthib Roy.csv,29.4
2021.06.14.18.33.41_veh-35_01970_02043,61,305,"once the SUV on the left side passes you, change into the left lane",Dynamic Referential,parthib,./staging/parthib_submissions1 - Parthib Roy.csv,24.4
2021.06.23.17.31.36_veh-16_00016_00377,996,1554,make a left turn at the green light and proceed straight,Non-Referential,parthib,./staging/parthib_submissions1 - Parthib Roy.csv,55.8
2021.08.17.18.43.12_veh-43_02889_03258,54,1824,"make a right turn. at the fourth stopsign, make a left turn and go straight. when you see another stopsign make a left turn. at the second stopsign you see, make another left turn.",Non-Referential,parthib,./staging/parthib_submissions1 - Parthib Roy.csv,177.0
2021.06.14.16.32.09_veh-35_03803_04103,561,764,,Non-Referential,parthib,./staging/parthib_submissions1 - Parthib Roy.csv,20.3
2021.06.14.18.13.35_veh-26_05286_05411,202,521,,Non-Referential,parthib,./staging/parthib_submissions1 - Parthib Roy.csv,31.9
2021.06.09.12.51.31_veh-35_04882_05013,87,586,,Non-Referential,parthib,./staging/parthib_submissions1 - Parthib Roy.csv,49.9
2021.10.11.02.57.41_veh-50_01028_01289,50,1162,make a right turn at the end of the road and go straight. then make the first left turn after crossing the bridge,Static Referential,parthib,./staging/parthib_submissions1 - Parthib Roy.csv,111.2
2021.06.09.17.37.09_veh-12_01215_01375,31,721,"at the right turn of paris las vegas, stop before the intersection to allow the pedestrians to cross",Dynamic Referential,parthib,./staging/parthib_submissions1 - Parthib Roy.csv,69.0
2021.07.16.18.19.22_veh-35_00440_00858,951,1949,switch into the right lane and make the right turn into paris las vegas,Static Referential,parthib,./staging/parthib_submissions1 - Parthib Roy.csv,99.8
2021.06.23.17.31.36_veh-16_00634_01421,318,1699,make a left turn at the interseciton and go straight,Non-Referential,parthib,./staging/parthib_submissions1 - Parthib Roy.csv,138.1
2021.06.14.13.27.42_veh-35_04894_05018,34,358,,Non-Referential,parthib,./staging/parthib_submissions1 - Parthib Roy.csv,32.4
2021.06.14.18.42.45_veh-12_00968_01052,48,393,switch into the right lane after passing the intersection. go into the rightmost turning lane when it appears and make the right turn,Non-Referential,parthib,./staging/parthib_submissions1 - Parthib Roy.csv,34.5
2021.09.15.16.17.26_veh-28_00772_00880,61,496,after passing the intersection switch to the right lane. after passing the next intersection switch into the left lane when all cars have passed,Dynamic Referential,parthib,./staging/parthib_submissions1 - Parthib Roy.csv,43.5
2021.09.15.14.50.05_veh-28_00182_00253,82,339,stop before the crosswalk to allow the pedestrians to cross through and then proceed straight on the roundabout,Dynamic Referential,parthib,./staging/parthib_submissions1 - Parthib Roy.csv,25.7
2021.07.16.18.06.21_veh-38_05338_05486,121,429,go into the right turning lane when it appears and make the right turn,Non-Referential,parthib,./staging/parthib_submissions1 - Parthib Roy.csv,30.8
2021.09.15.14.50.05_veh-28_01392_01458,9,286,,Non-Referential,parthib,./staging/parthib_submissions1 - Parthib Roy.csv,27.7
2021.06.14.16.32.09_veh-35_01710_01770,83,289,,Non-Referential,parthib,./staging/parthib_submissions1 - Parthib Roy.csv,20.6
2021.10.01.13.28.54_veh-28_01098_01337,50,1171,"after passing the intersection, switch to the left lane. when you see a left turning lane, go into that lane and make the left lane. at the next intersection make the left turn and then make the next possible right turn.",Non-Referential,parthib,./staging/parthib_submissions1 - Parthib Roy.csv,112.1
2021.06.09.12.51.31_veh-35_04715_04871,113,662,"after you pass the third intersection, switch into the right lane",Non-Referential,parthib,./staging/parthib_submissions1 - Parthib Roy.csv,54.9
2021.06.14.18.13.35_veh-26_00259_00374,196,416,"after passing the second intersection, switch into the right lane",Non-Referential,parthib,./staging/parthib_submissions1 - Parthib Roy.csv,22.0
2021.06.09.17.37.09_veh-12_03132_03193,39,264,"after passing the intersection, switch into the right lane and go straight",Non-Referential,parthib,./staging/parthib_submissions1 - Parthib Roy.csv,22.5
2021.10.11.07.12.18_veh-50_01571_01823,5,1124,make a left turn at the intersection. make the left turn at the third possible left turn where the biopotis sign is,Static Referential,parthib,./staging/parthib_submissions1 - Parthib Roy.csv,111.9
2021.07.16.18.49.56_veh-26_00256_00822,229,689,follow the vehicle in front of you,Dynamic Referential,parthib,./staging/parthib_submissions1 - Parthib Roy.csv,46.0
2021.10.01.15.32.11_veh-28_00025_00097,2,200,make a right turn at the stopsign and go straight,Static Referential,parthib,./staging/parthib_submissions1 - Parthib Roy.csv,19.8
2021.10.11.08.31.07_veh-50_01972_02057,20,233,make a left turn at the sotpsign once the black vehicle on the right passes.,Dynamic Referential,parthib,./staging/parthib_submissions1 - Parthib Roy.csv,21.3
2021.06.09.12.39.51_veh-26_03733_03918,5,912,,Non-Referential,parthib,./staging/parthib_submissions1 - Parthib Roy.csv,90.7
2021.05.12.22.00.38_veh-35_00005_00118,234,527,,Non-Referential,parthib,./staging/parthib_submissions1 - Parthib Roy.csv,29.3
2021.08.17.17.17.01_veh-45_01207_01417,334,818,follow the white van in front of you,Dynamic Referential,parthib,./staging/parthib_submissions1 - Parthib Roy.csv,48.4
2021.09.15.13.52.55_veh-39_01385_01446,36,299,,Non-Referential,parthib,./staging/parthib_submissions1 - Parthib Roy.csv,26.3
2021.06.23.14.06.20_veh-26_01192_01541,169,1023,when you get to the intersection make a left turn and go straight,Non-Referential,parthib,./staging/parthib_submissions1 - Parthib Roy.csv,85.4
2021.06.14.14.25.15_veh-26_02376_02575,380,886,,Non-Referential,parthib,./staging/parthib_submissions1 - Parthib Roy.csv,50.6
2021.06.09.18.23.43_veh-35_03804_03956,44,252,,Non-Referential,parthib,./staging/parthib_submissions1 - Parthib Roy.csv,20.8
2021.06.09.14.03.17_veh-12_00159_00283,0,613,switch to the right lane after passing the second intersection,Non-Referential,parthib,./staging/parthib_submissions1 - Parthib Roy.csv,61.3
2021.10.11.05.34.05_veh-50_00971_01251,7,1380,"at the end of the road, make a right turn when theres are no cars on the left side and go straight. after passing the intersection, go on the right side of the lane to pass the blue parked truck and go back to the left lane and make the first left turn. go forward and when you see the sotpsign make a left turn and then another left turn at the intersection",Static Referential,parthib,./staging/parthib_submissions1 - Parthib Roy.csv,137.3
2021.07.09.01.37.16_veh-26_04815_04878,41,272,when the light turns green begin making a left turn,Static Referential,parthib,./staging/parthib_submissions1 - Parthib Roy.csv,23.1
2021.10.01.19.16.42_veh-28_01731_01935,381,977,make a right turn.,Non-Referential,parthib,./staging/parthib_submissions1 - Parthib Roy.csv,59.6
2021.08.17.16.48.45_veh-43_00451_00871,123,657,make a right turn at the intersection and then switch to the left lane. at the second intersection make another left turn when there are no cars coming your direction,Dynamic Referential,parthib,./staging/parthib_submissions1 - Parthib Roy.csv,53.4
2021.06.09.18.23.43_veh-35_03500_03586,10,175,after passing the intersection switch to the right lane and when you see the upcoming stoplight prepare for a left turn,Static Referential,parthib,./staging/parthib_submissions1 - Parthib Roy.csv,16.5
2021.06.09.18.23.43_veh-35_02945_03099,5,760,when the light turns green make a left turn,Static Referential,parthib,./staging/parthib_submissions1 - Parthib Roy.csv,75.5
2021.06.14.18.13.35_veh-26_00522_00702,367,634,make the left turn when the pedestrians are clear from the crosswalk and when the stoplight is green,Both,parthib,./staging/parthib_submissions1 - Parthib Roy.csv,26.7
2021.06.09.14.50.36_veh-26_03061_03152,46,308,"after passing the second intersection, make a right lane switch",Non-Referential,parthib,./staging/parthib_submissions1 - Parthib Roy.csv,26.2
2021.08.17.18.43.12_veh-43_01611_01812,71,907,go into the lefthand turn lane at the second intersection and make the turn once all cars are clear from oncoming side,Dynamic Referential,parthib,./staging/parthib_submissions1 - Parthib Roy.csv,83.6
2021.06.14.18.33.41_veh-35_03798_03867,45,325,,Non-Referential,parthib,./staging/parthib_submissions1 - Parthib Roy.csv,28.0
2021.06.14.19.22.11_veh-38_02051_02264,390,696,,Non-Referential,parthib,./staging/parthib_submissions1 - Parthib Roy.csv,30.6
2021.08.17.13.15.12_veh-45_00565_00643,89,289,"at the intersection with the stoplight, make a right turn",Static Referential,parthib,./staging/parthib_submissions1 - Parthib Roy.csv,20.0
2021.10.11.08.31.07_veh-50_01972_02057,36,264,at the stopsign make a left turn,Static Referential,parthib,./staging/parthib_submissions1 - Parthib Roy.csv,22.8
2021.06.09.12.39.51_veh-26_02338_02459,133,568,after passing the intersection switch into the right lane,Non-Referential,parthib,./staging/parthib_submissions1 - Parthib Roy.csv,43.5
2021.06.14.16.32.09_veh-35_01620_01699,3,280,,Non-Referential,parthib,./staging/parthib_submissions1 - Parthib Roy.csv,27.7
2021.06.09.20.26.11_veh-35_01227_01514,614,1166,"after you pass the third intersection, switch to the right lane when the white vehicle passes you. then make the right turn into veer towers east.",Both,parthib,./staging/parthib_submissions1 - Parthib Roy.csv,55.2
2021.10.11.02.57.41_veh-50_00352_00535,89,880,"make a left turn when the stoplight turns green. enter into the left entrance, exit and go straight facing the opposite direction from where you came from and make a left turn.",Non-Referential,parthib,./staging/parthib_submissions1 - Parthib Roy.csv,79.1
2021.06.14.16.48.02_veh-12_01732_01853,181,508,follow the white vehicle in front of you,Dynamic Referential,parthib,./staging/parthib_submissions1 - Parthib Roy.csv,32.7
2021.08.17.15.02.08_veh-45_02452_02521,5,158,make a left turn lake and make the first right turn that is after the two crosswalks where you see ridc banner,Static Referential,parthib,./staging/parthib_submissions1 - Parthib Roy.csv,15.3
2021.10.01.14.20.36_veh-28_01151_01286,263,565,follow the red vehicle in front of you,Dynamic Referential,parthib,./staging/parthib_submissions1 - Parthib Roy.csv,30.2
2021.07.09.23.23.48_veh-26_01319_01432,69,234,,Non-Referential,parthib,./staging/parthib_submissions1 - Parthib Roy.csv,16.5
2021.10.01.18.26.05_veh-28_01211_01323,70,290,,Non-Referential,parthib,./staging/parthib_submissions1 - Parthib Roy.csv,22.0
2021.06.09.18.23.43_veh-35_03609_03793,247,589,make the same left turn as the vehicle in front of you,Dynamic Referential,parthib,./staging/parthib_submissions1 - Parthib Roy.csv,34.2
2021.09.15.14.00.15_veh-28_00770_00852,107,402,"after passing the stopsign, make the first left turn. at the second intersection (where the truck is on the right side) make a left turn",Both,parthib,./staging/parthib_submissions1 - Parthib Roy.csv,29.5
2021.10.06.17.43.07_veh-28_01118_01302,2,711,make a right turn and then a left turn toward pier 10 park. make another left turn when the blue lines are on your left side and you are at the end of the road,Static Referential,parthib,./staging/parthib_submissions1 - Parthib Roy.csv,70.9
2021.09.15.14.27.22_veh-39_01420_01480,24,292,,Non-Referential,parthib,./staging/parthib_submissions1 - Parthib Roy.csv,26.8
2021.10.06.13.21.47_veh-28_00139_00216,114,380,at the stopsign make a right turn and continue straight to follow the road,Static Referential,parthib,./staging/parthib_submissions1 - Parthib Roy.csv,26.6
2021.08.17.14.32.33_veh-08_01576_01919,189,1364,at the end of the road make a left turn. make another left turn and when you get to the very end make another left turn. make a final left turn to go back where you started,Non-Referential,parthib,./staging/parthib_submissions1 - Parthib Roy.csv,117.5
2021.10.01.13.28.54_veh-28_00094_00181,2,393,,Non-Referential,parthib,./staging/parthib_submissions1 - Parthib Roy.csv,39.1
2021.06.09.14.03.17_veh-12_02112_02202,118,388,make a left turn at the intersection and switch into the right lane.,Non-Referential,parthib,./staging/parthib_submissions1 - Parthib Roy.csv,27.0
2021.10.11.02.57.41_veh-50_01343_01501,26,759,make the left turn when you see the left lane appear. make a left turn into the entrance that is in front of the yellow square on your lane. exit through it and make a left turn when no cars are on the right,Static Referential,parthib,./staging/parthib_submissions1 - Parthib Roy.csv,73.3
2021.06.09.14.03.17_veh-12_00159_00283,306,613,,Non-Referential,parthib,./staging/parthib_submissions1 - Parthib Roy.csv,30.7
2021.06.14.18.13.35_veh-26_03401_03691,851,1103,,Non-Referential,parthib,./staging/parthib_submissions1 - Parthib Roy.csv,25.2
2021.06.14.20.14.09_veh-26_00024_00237,683,972,,Non-Referential,parthib,./staging/parthib_submissions1 - Parthib Roy.csv,28.9
2021.09.15.14.50.05_veh-28_00578_00896,577,1393,at the first intersection make a right turn.,Non-Referential,parthib,./staging/parthib_submissions1 - Parthib Roy.csv,81.6
2021.08.17.16.57.11_veh-08_00354_01167,104,2309,make a left turn to hot metal bridge when no cars are oncoming. at the intersection make a right turn. when you approach the end of the stopsign make a left turn.,Static Referential,parthib,./staging/parthib_submissions1 - Parthib Roy.csv,220.5
2021.06.14.14.25.15_veh-26_03201_03386,475,830,,Non-Referential,parthib,./staging/parthib_submissions1 - Parthib Roy.csv,35.5
2021.06.09.12.39.51_veh-26_02729_02878,280,608,,Non-Referential,parthib,./staging/parthib_submissions1 - Parthib Roy.csv,32.8
2021.06.14.13.27.42_veh-35_00005_00123,40,350,make a left turn when no cars are on the right. then enter into luxor las vegas,Both,parthib,./staging/parthib_submissions1 - Parthib Roy.csv,31.0
2021.10.06.13.21.47_veh-28_01127_01187,23,198,,Non-Referential,parthib,./staging/parthib_submissions1 - Parthib Roy.csv,17.5
2021.08.17.17.17.01_veh-45_00123_00191,32,322,,Non-Referential,parthib,./staging/parthib_submissions1 - Parthib Roy.csv,29.0
2021.08.17.15.02.08_veh-45_02111_02303,59,854,"make a left turn at the first intersection. when you appraoch the stopsign make a right turn. when you get to the crosswalk make a left turn and follow the road. at the end, make a left turn to hot metal bridge",Static Referential,parthib,./staging/parthib_submissions1 - Parthib Roy.csv,79.5
2021.09.15.16.17.26_veh-28_00937_01074,158,657,make a left turn at the third stoplight when it is clear,Static Referential,parthib,./staging/parthib_submissions1 - Parthib Roy.csv,49.9
2021.10.11.08.31.07_veh-50_01750_01948,126,700,"make a right turn at the intersection, change to the left lane and make the left turn toward yodo fountain.",Static Referential,parthib,./staging/parthib_submissions1 - Parthib Roy.csv,57.4
2021.06.14.17.26.26_veh-38_03086_03150,6,269,,Non-Referential,parthib,./staging/parthib_submissions1 - Parthib Roy.csv,26.3
2021.06.14.18.13.35_veh-26_04412_04536,383,539,,Non-Referential,parthib,./staging/parthib_submissions1 - Parthib Roy.csv,15.6
2021.06.14.16.48.02_veh-12_03790_04046,264,479,,Dynamic Referential,parthib,./staging/parthib_submissions1 - Parthib Roy.csv,21.5
2021.06.14.17.26.26_veh-38_01177_01256,32,253,switch into the right turn lane when it appears,Non-Referential,parthib,./staging/parthib_submissions1 - Parthib Roy.csv,22.1
2021.07.16.18.19.22_veh-35_00869_03454,314,488,switch into the right lane after passing the intersection,Non-Referential,parthib,./staging/parthib_submissions1 - Parthib Roy.csv,17.4
2021.08.17.19.18.39_veh-08_00407_00595,30,240,make a left turn when you get to the crosswalk. at the stopsign make a right turn,Static Referential,parthib,./staging/parthib_submissions1 - Parthib Roy.csv,21.0
2021.06.23.22.05.48_veh-16_00287_00591,527,764,,Static Referential,parthib,./staging/parthib_submissions1 - Parthib Roy.csv,23.7
2021.05.12.22.00.38_veh-35_00005_00118,79,418,,Non-Referential,parthib,./staging/parthib_submissions1 - Parthib Roy.csv,33.9
2021.10.01.19.16.42_veh-28_00094_00216,86,569,at the stopsign make a left turn. at the next stopsign make a right turn.,Static Referential,parthib,./staging/parthib_submissions1 - Parthib Roy.csv,48.3
2021.07.16.16.08.35_veh-35_02397_02540,186,569,,Non-Referential,parthib,./staging/parthib_submissions1 - Parthib Roy.csv,38.3
2021.07.09.17.06.37_veh-35_00769_00907,331,648,,Non-Referential,parthib,./staging/parthib_submissions1 - Parthib Roy.csv,31.7
2021.06.14.13.28.41_veh-12_01138_01284,391,656,,Non-Referential,parthib,./staging/parthib_submissions1 - Parthib Roy.csv,26.5
2021.07.16.23.22.27_veh-14_01502_01610,2,415,,Non-Referential,parthib,./staging/parthib_submissions1 - Parthib Roy.csv,41.3
2021.06.14.16.32.09_veh-35_01489_01563,91,326,,Non-Referential,parthib,./staging/parthib_submissions1 - Parthib Roy.csv,23.5
2021.08.17.16.48.45_veh-43_00936_01035,209,486,switch to the left lane once you pass all the parked vehicles and make a left turn when the light is green,Static Referential,parthib,./staging/parthib_submissions1 - Parthib Roy.csv,27.7
2021.10.11.02.57.41_veh-50_02318_02417,14,475,make a left turn at the intersection and follow the road,Non-Referential,parthib,./staging/parthib_submissions1 - Parthib Roy.csv,46.1
2021.06.14.14.25.15_veh-26_02179_02316,86,591,,Non-Referential,parthib,./staging/parthib_submissions1 - Parthib Roy.csv,50.5
2021.10.11.02.57.41_veh-50_00145_00308,135,714,change to right lane after white car passes,Static Referential,Vrishan,./staging/labels - Vrishan Inukollu.csv,57.9
2021.10.11.02.57.41_veh-50_00145_00308,564,732,,Non-Referential,Vrishan,./staging/labels - Vrishan Inukollu.csv,16.8
2021.10.11.05.34.05_veh-50_00697_00766,188,338,,Non-Referential,Vrishan,./staging/labels - Vrishan Inukollu.csv,15.0
2021.10.11.02.57.41_veh-50_00145_00308,284,528,Change to right lane after white car passes ,Static Referential,Vrishan,./staging/labels - Vrishan Inukollu.csv,24.4
2021.10.11.07.47.13_veh-50_00080_00159,62,253,,Non-Referential,Vrishan,./staging/labels - Vrishan Inukollu.csv,19.1
2021.10.11.07.47.13_veh-50_00080_00159,12,358,,Non-Referential,Vrishan,./staging/labels - Vrishan Inukollu.csv,34.6
2021.10.11.05.34.05_veh-50_00697_00766,142,303,,Non-Referential,Vrishan,./staging/labels - Vrishan Inukollu.csv,16.1
2021.10.11.05.34.05_veh-50_00442_00556,313,514,,Non-Referential,Vrishan,./staging/labels - Vrishan Inukollu.csv,20.1
2021.10.11.07.47.13_veh-50_00080_00159,190,342,,Non-Referential,Vrishan,./staging/labels - Vrishan Inukollu.csv,15.2
2021.10.11.07.47.13_veh-50_00080_00159,213,372,,Non-Referential,Vrishan,./staging/labels - Vrishan Inukollu.csv,15.9
2021.10.11.02.57.41_veh-50_00145_00308,113,291,"Wait until biker from the left side passes, as well as the two cars coming form the front to pass before safely turning right.",Dynamic Referential,Vrishan,./staging/labels - Vrishan Inukollu.csv,17.8
2021.10.11.07.47.13_veh-50_00080_00159,97,314,,Non-Referential,Vrishan,./staging/labels - Vrishan Inukollu.csv,21.7
2021.10.11.05.34.05_veh-50_00697_00766,157,334,,Non-Referential,Vrishan,./staging/labels - Vrishan Inukollu.csv,17.7
2021.10.11.05.34.05_veh-50_00697_00766,9,170,,Non-Referential,Vrishan,./staging/labels - Vrishan Inukollu.csv,16.1
2021.10.11.07.47.13_veh-50_00080_00159,169,328,,Non-Referential,Vrishan,./staging/labels - Vrishan Inukollu.csv,15.9
2021.10.11.07.12.18_veh-50_00211_00304,15,368,,Non-Referential,,./staging/labels - Vrishan Inukollu.csv,35.3
2021.10.11.08.31.07_veh-50_02146_02283,458,659,,Non-Referential,Vrishan,./staging/labels - Vrishan Inukollu.csv,20.1
2021.10.11.02.57.41_veh-50_00352_00535,471,792,Change to right line before the white van on the left(has both blinking lights and is stopped),Static Referential,Vrishan,./staging/labels - Vrishan Inukollu.csv,32.1
2021.10.11.02.57.41_veh-50_00838_01005,455,822,"After turning right at the signal, change to the left lane from the right",Static Referential,Vrishan,./staging/labels - Vrishan Inukollu.csv,36.7
2021.10.11.07.12.18_veh-50_00211_00304,299,455,,Non-Referential,Vrishan,./staging/labels - Vrishan Inukollu.csv,15.6
2021.10.11.08.31.07_veh-50_02146_02283,386,557,,Non-Referential,Vrishan,./staging/labels - Vrishan Inukollu.csv,17.1
2021.10.11.07.12.18_veh-50_00211_00304,9,394,,Non-Referential,Vrishan,./staging/labels - Vrishan Inukollu.csv,38.5
2021.10.11.02.57.41_veh-50_00838_01005,151,407,,Non-Referential,Vrishan,./staging/labels - Vrishan Inukollu.csv,25.6
2021.10.11.02.57.41_veh-50_00352_00535,87,251,,Non-Referential,,./staging/labels - Vrishan Inukollu.csv,16.4
2021.10.11.08.31.07_veh-50_01576_01734,606,756,,Non-Referential,,./staging/labels - Vrishan Inukollu.csv,15.0
2021.10.11.08.31.07_veh-50_02146_02283,118,450,,Non-Referential,,./staging/labels - Vrishan Inukollu.csv,33.2
2021.10.11.05.34.05_veh-50_00838_00947,238,454,,Non-Referential,Vrishan,./staging/labels - Vrishan Inukollu.csv,21.6
2021.10.11.08.31.07_veh-50_02360_02684,82,648,Change to left lane once you pass bus,Static Referential,Vrishan,./staging/labels - Vrishan Inukollu.csv,56.6
2021.08.17.18.11.12_veh-08_00629_01599,495,2085,,Non-Referential,Vrishan,./staging/labels - Vrishan Inukollu.csv,159.0
2021.08.17.19.18.39_veh-08_00118_00178,27,212,,Non-Referential,Vrishan,./staging/labels - Vrishan Inukollu.csv,18.5
2021.08.17.13.15.12_veh-45_02124_02293,403,588,,Non-Referential,Vrishan,./staging/labels - Vrishan Inukollu.csv,18.5
2021.08.17.14.32.33_veh-08_01576_01919,333,983,,Non-Referential,Vrishan,./staging/labels - Vrishan Inukollu.csv,65.0
2021.08.17.16.48.45_veh-43_02070_02652,2313,2487,"After passing the crosswalk, stop at the cone",Static Referential,Vrishan,./staging/labels - Vrishan Inukollu.csv,17.4
2021.08.17.16.48.45_veh-43_02070_02652,561,1044,,Non-Referential,Vrishan,./staging/labels - Vrishan Inukollu.csv,48.3
2021.08.17.18.44.32_veh-08_00873_01540,523,1197,,Non-Referential,Vrishan,./staging/labels - Vrishan Inukollu.csv,67.4
2021.08.17.13.15.12_veh-45_02124_02293,154,586,,Non-Referential,Vrishan,./staging/labels - Vrishan Inukollu.csv,43.2
2021.08.17.13.15.12_veh-45_02124_02293,519,752,,Non-Referential,Vrishan,./staging/labels - Vrishan Inukollu.csv,23.3
2021.08.17.19.18.39_veh-08_00118_00178,135,290,,Non-Referential,Vrishan,./staging/labels - Vrishan Inukollu.csv,15.5
2021.08.17.19.18.39_veh-08_00118_00178,123,277,,Non-Referential,Vrishan,./staging/labels - Vrishan Inukollu.csv,15.4
2021.08.17.18.11.12_veh-08_00629_01599,890,2198,,Non-Referential,Vrishan,./staging/labels - Vrishan Inukollu.csv,130.8
2021.08.17.16.48.45_veh-43_02070_02652,1783,2517,,Non-Referential,Vrishan,./staging/labels - Vrishan Inukollu.csv,73.4
2021.08.17.14.32.33_veh-08_01576_01919,1542,1694,,Non-Referential,Vrishan,./staging/labels - Vrishan Inukollu.csv,15.2
2021.08.17.18.44.32_veh-08_00873_01540,648,1015,,Non-Referential,Vrishan,./staging/labels - Vrishan Inukollu.csv,36.7
2021.08.17.13.15.12_veh-45_02124_02293,369,700,,Non-Referential,Vrishan,./staging/labels - Vrishan Inukollu.csv,33.1
2021.08.17.14.45.12_veh-42_00542_00803,660,1287,Slow down for backing van,Static Referential,Vrishan,./staging/labels - Vrishan Inukollu.csv,62.7
2021.08.17.14.32.33_veh-08_01576_01919,1433,1636,,Non-Referential,Vrishan,./staging/labels - Vrishan Inukollu.csv,20.3
2021.08.17.14.45.12_veh-42_00542_00803,107,987,,Non-Referential,Vrishan,./staging/labels - Vrishan Inukollu.csv,88.0
2021.08.17.18.44.32_veh-08_00873_01540,1096,2421,park behind van,Static Referential,Vrishan,./staging/labels - Vrishan Inukollu.csv,132.5
2021.06.14.18.33.41_veh-35_00898_01182,420,1376,turn left when the light turns green,Static Referential,jboaz,./staging/labels - Jonathan Boaz.csv,95.6
2021.06.14.18.33.41_veh-35_00898_01182,41,884,yield to pedestrians crossing the street,Dynamic Referential,jboaz,./staging/labels - Jonathan Boaz.csv,84.3
2021.06.14.18.33.41_veh-35_00898_01182,1090,1386,follow the black car,Dynamic Referential,jboaz,./staging/labels - Jonathan Boaz.csv,29.6
2021.06.14.18.33.41_veh-35_00898_01182,179,1284,turn left when the light turns green,Static Referential,jboaz,./staging/labels - Jonathan Boaz.csv,110.5
2021.06.14.18.33.41_veh-35_00898_01182,943,1237,follow the black car,Dynamic Referential,jboaz,./staging/labels - Jonathan Boaz.csv,29.4
2021.06.14.18.33.41_veh-35_00898_01182,86,1274,turn left when the light turns green,Static Referential,jboaz,./staging/labels - Jonathan Boaz.csv,118.8
2021.06.09.12.39.51_veh-26_01491_01642,258,636,merge left and avoid pedestrians,Dynamic Referential,jboaz,./staging/labels - Jonathan Boaz.csv,37.8
2021.06.09.12.39.51_veh-26_01491_01642,208,633,turn left,Static Referential,jboaz,./staging/labels - Jonathan Boaz.csv,42.5
2021.06.09.12.39.51_veh-26_01491_01642,103,423,turn right,Static Referential,jboaz,./staging/labels - Jonathan Boaz.csv,32.0
2021.06.09.12.39.51_veh-26_01491_01642,383,653,stop here,Static Referential,jboaz,./staging/labels - Jonathan Boaz.csv,27.0
2021.06.09.12.06.35_veh-35_00149_00262,324,496,go straight,Static Referential,,./staging/labels - Jonathan Boaz.csv,17.2
2021.06.09.12.06.35_veh-35_00149_00262,183,349,drive straight,Non-Referential,,./staging/labels - Jonathan Boaz.csv,16.6
2021.06.09.12.06.35_veh-35_00149_00262,108,310,stop at the red light,Static Referential,,./staging/labels - Jonathan Boaz.csv,20.2
2021.06.09.12.06.35_veh-35_00149_00262,175,522,,Non-Referential,,./staging/labels - Jonathan Boaz.csv,34.7
2021.06.09.11.54.15_veh-12_01403_01526,262,562,turn right,Static Referential,jboaz,./staging/labels - Jonathan Boaz.csv,30.0
2021.06.09.11.54.15_veh-12_01403_01526,128,323,merge right and turn right at the intersection,Static Referential,jboaz,./staging/labels - Jonathan Boaz.csv,19.5
2021.06.09.11.54.15_veh-12_01403_01526,24,496,merge to the rightmost lane,Static Referential,jboaz,./staging/labels - Jonathan Boaz.csv,47.2
2021.06.09.12.51.31_veh-35_00697_00820,70,608,follow the motorcyclist,Dynamic Referential,,./staging/labels - Jonathan Boaz.csv,53.8
2021.06.09.12.51.31_veh-35_00697_00820,141,575,drive straight,Static Referential,jboaz,./staging/labels - Jonathan Boaz.csv,43.4
2021.06.09.12.51.31_veh-35_00697_00820,192,525,drive straight,Static Referential,jboaz,./staging/labels - Jonathan Boaz.csv,33.3
2021.06.09.12.51.31_veh-35_00697_00820,290,511,follow the motorcyclist,Dynamic Referential,jboaz,./staging/labels - Jonathan Boaz.csv,22.1
2021.05.12.23.36.44_veh-35_00515_00701,3,898,follow the green truck,Dynamic Referential,jboaz,./staging/labels - Jonathan Boaz.csv,89.5
2021.05.12.23.36.44_veh-35_00515_00701,404,806,turn right at the intersection,Static Referential,jboaz,./staging/labels - Jonathan Boaz.csv,40.2
2021.05.12.23.36.44_veh-35_00515_00701,114,689,merge left and follow the gold sedan,Dynamic Referential,jboaz,./staging/labels - Jonathan Boaz.csv,57.5
2021.05.12.23.36.44_veh-35_00515_00701,157,569,turn left at the light,Non-Referential,jboaz,./staging/labels - Jonathan Boaz.csv,41.2
2021.05.12.19.36.12_veh-35_01744_01934,27,240,turn right at the intersection,Static Referential,jboaz,./staging/labels - Jonathan Boaz.csv,21.3
2021.05.12.19.36.12_veh-35_01744_01934,168,700,drive straight,Static Referential,jboaz,./staging/labels - Jonathan Boaz.csv,53.2
2021.06.09.12.39.51_veh-26_01418_01480,12,176,wait for pedestrians to cross,Dynamic Referential,jboaz,./staging/labels - Jonathan Boaz.csv,16.4
2021.06.09.12.39.51_veh-26_01418_01480,70,292,wait for the light to turn green,Static Referential,jboaz,./staging/labels - Jonathan Boaz.csv,22.2
2021.06.09.11.54.15_veh-12_00689_01229,119,1482,turn right and merge left,Static Referential,jboaz,./staging/labels - Jonathan Boaz.csv,136.3
2021.05.12.23.36.44_veh-35_00785_01041,389,1151,drive straight,Static Referential,jboaz,./staging/labels - Jonathan Boaz.csv,76.2
2021.06.09.12.39.51_veh-26_04255_04331,83,282,,Non-Referential,jboaz,./staging/labels - Jonathan Boaz.csv,19.9
2021.06.09.11.54.15_veh-12_02957_03110,480,754,follow the black suv,Dynamic Referential,jboaz,./staging/labels - Jonathan Boaz.csv,27.4
2021.06.09.12.51.31_veh-35_00007_00089,81,349,merge left,Static Referential,jboaz,./staging/labels - Jonathan Boaz.csv,26.8
2021.06.09.12.39.51_veh-26_00371_00480,178,493,yield to mergeing vehicles,Dynamic Referential,jboaz,./staging/labels - Jonathan Boaz.csv,31.5
2021.05.12.19.36.12_veh-35_01400_01643,238,414,follow the white van,Dynamic Referential,jboaz,./staging/labels - Jonathan Boaz.csv,17.6
2021.06.09.12.39.51_veh-26_00055_00360,78,1480,follow the fed-ex truck,Dynamic Referential,jboaz,./staging/labels - Jonathan Boaz.csv,140.2
2021.05.12.19.36.12_veh-35_01400_01643,47,1011,wait for pedestrians to cross,Dynamic Referential,jboaz,./staging/labels - Jonathan Boaz.csv,96.4
2021.05.12.19.36.12_veh-35_00215_00405,91,844,drive straight,Static Referential,jboaz,./staging/labels - Jonathan Boaz.csv,75.3
2021.05.12.19.36.12_veh-35_01400_01643,852,1108,turn right and follow the white truck,Dynamic Referential,jboaz,./staging/labels - Jonathan Boaz.csv,25.6
2021.06.09.12.39.51_veh-26_00371_00480,40,486,turn right after pedestrians cross,Non-Referential,jboaz,./staging/labels - Jonathan Boaz.csv,44.6
2021.05.12.19.36.12_veh-35_01400_01643,102,1109,drive straight,Static Referential,jboaz,./staging/labels - Jonathan Boaz.csv,100.7
2021.05.12.19.36.12_veh-35_00005_00204,599,802,follow the black van,Dynamic Referential,jboaz,./staging/labels - Jonathan Boaz.csv,20.3
2021.06.09.12.06.35_veh-35_01164_01494,498,1458,follow the grey suv,Dynamic Referential,jboaz,./staging/labels - Jonathan Boaz.csv,96.0
2021.06.09.11.54.15_veh-12_01902_02277,177,1549,drive straight and turn left at the light,Static Referential,jboaz,./staging/labels - Jonathan Boaz.csv,137.2
2021.06.09.11.54.15_veh-12_05108_05331,326,1034,follow the black van and turn left after the pedestrians cross the intersection,Dynamic Referential,jboaz,./staging/labels - Jonathan Boaz.csv,70.8
2021.06.09.11.54.15_veh-12_01902_02277,38,312,drive straight,Non-Referential,jboaz,./staging/labels - Jonathan Boaz.csv,27.4
2021.06.09.12.06.35_veh-35_01164_01494,181,1325,drive straight,Static Referential,jboaz,./staging/labels - Jonathan Boaz.csv,114.4
2021.06.09.12.39.51_veh-26_04543_05321,487,2541,turn right,Static Referential,jboaz,./staging/labels - Jonathan Boaz.csv,205.4
2021.06.09.12.39.51_veh-26_04543_05321,748,1457,follow the white car,Dynamic Referential,jboaz,./staging/labels - Jonathan Boaz.csv,70.9
2021.06.09.12.39.51_veh-26_02470_02648,173,425,turn right,Static Referential,jboaz,./staging/labels - Jonathan Boaz.csv,25.2
2021.06.09.12.39.51_veh-26_04543_05321,604,1678,drive straight,Static Referential,jboaz,./staging/labels - Jonathan Boaz.csv,107.4
2021.06.09.12.39.51_veh-26_02470_02648,148,857,merge right and turn right at the intersection,Static Referential,jboaz,./staging/labels - Jonathan Boaz.csv,70.9
2021.05.12.22.00.38_veh-35_01008_01518,1125,2186,follow the blue car,Dynamic Referential,jboaz,./staging/labels - Jonathan Boaz.csv,106.1
2021.06.09.11.54.15_veh-12_05342_05403,25,192,follow the white van,Dynamic Referential,jboaz,./staging/labels - Jonathan Boaz.csv,16.7
2021.06.09.12.39.51_veh-26_04543_05321,1071,1437,wait for pedestrians to cross the intersection,Dynamic Referential,jboaz,./staging/labels - Jonathan Boaz.csv,36.6
2021.06.09.12.39.51_veh-26_02470_02648,232,825,follow the white car,Dynamic Referential,jboaz,./staging/labels - Jonathan Boaz.csv,59.3
2021.05.12.22.00.38_veh-35_01008_01518,1099,2503,follow the blue car,Non-Referential,jboaz,./staging/labels - Jonathan Boaz.csv,140.4
2021.06.09.12.39.51_veh-26_04543_05321,661,1550,,Non-Referential,jboaz,./staging/labels - Jonathan Boaz.csv,88.9
2021.05.12.22.00.38_veh-35_01008_01518,987,1572,drive straight,Static Referential,jboaz,./staging/labels - Jonathan Boaz.csv,58.5
2021.06.09.12.39.51_veh-26_04543_05321,1418,2227,wait for the light to turn green,Static Referential,jboaz,./staging/labels - Jonathan Boaz.csv,80.9
2021.08.17.18.44.32_veh-08_00873_01540,494,2245,turn left and drive straight,Static Referential,jboaz,./staging/labels - Jonathan Boaz.csv,175.1
2021.08.17.18.44.32_veh-08_00873_01540,909,2465,drive straight and turn left ,Static Referential,jboaz,./staging/labels - Jonathan Boaz.csv,155.6
2021.08.17.13.15.12_veh-45_00925_00987,17,297,turn left at the light then take a right at the next light,Static Referential,jboaz,./staging/labels - Jonathan Boaz.csv,28.0
2021.08.17.15.02.08_veh-45_01348_01731,290,463,wait for pedestrians to cross then turn right ,Both,jboaz,./staging/labels - Jonathan Boaz.csv,17.3
2021.08.17.18.13.38_veh-45_00410_00618,60,294,turn left at the intersection ,Static Referential,jboaz,./staging/labels - Jonathan Boaz.csv,23.4
2021.08.17.18.13.38_veh-45_00410_00618,61,813,turn left when the intersection is clear,Static Referential,jboaz,./staging/labels - Jonathan Boaz.csv,75.2
2021.08.17.19.18.39_veh-08_00118_00178,34,201,turn right then turn right at the light,Static Referential,jboaz,./staging/labels - Jonathan Boaz.csv,16.7
2021.08.17.14.45.12_veh-42_00542_00803,13,1250,turn left then merge right and turn right at the next light,Static Referential,jboaz,./staging/labels - Jonathan Boaz.csv,123.7
2021.08.17.19.18.39_veh-08_00118_00178,0,162,turn right then turn right again ,Static Referential,jboaz,./staging/labels - Jonathan Boaz.csv,16.2
2021.08.17.18.44.32_veh-08_00873_01540,161,2497,turn left when the intersection is clear and drive straight,Static Referential,jboaz,./staging/labels - Jonathan Boaz.csv,233.6
2021.08.17.14.45.12_veh-42_00542_00803,227,563,merge left and turn left at the intersection,Static Referential,jboaz,./staging/labels - Jonathan Boaz.csv,33.6
2021.08.17.14.32.33_veh-08_01576_01919,137,1277,drive straight then make a left at the stop sign,Static Referential,jboaz,./staging/labels - Jonathan Boaz.csv,114.0
2021.08.17.18.44.32_veh-08_00873_01540,124,2426,turn left at the light and drive straight,Static Referential,jboaz,./staging/labels - Jonathan Boaz.csv,230.2
2021.08.17.16.48.45_veh-43_02070_02652,1317,2525,turn left at the light and turn left again at the next intersection,Non-Referential,jboaz,./staging/labels - Jonathan Boaz.csv,120.8
2021.08.17.14.32.33_veh-08_01576_01919,553,1451,turn left then turn left at the stop sign and drive straight,Static Referential,jboaz,./staging/labels - Jonathan Boaz.csv,89.8
2021.08.17.18.11.12_veh-08_00629_01599,298,620,follow the red truck,Dynamic Referential,jboaz,./staging/labels - Jonathan Boaz.csv,32.2
2021.08.17.14.45.12_veh-42_00542_00803,161,833,drive straight then turn left at the light then turn left at the stop sign,Static Referential,jboaz,./staging/labels - Jonathan Boaz.csv,67.2
2021.08.17.13.15.12_veh-45_00925_00987,105,291,turn left at the light then turn right at the next light,Static Referential,jboaz,./staging/labels - Jonathan Boaz.csv,18.6
2021.08.17.14.45.12_veh-42_00542_00803,449,1232,turn left at the light then turn left at the stop sign then merge left then turn left at the next light,Static Referential,jboaz,./staging/labels - Jonathan Boaz.csv,78.3
2021.08.17.13.15.12_veh-45_02124_02293,17,828,turn left at the stop sign then drive straight and merge left to avoid the truck then turn left at the stop sign then right at the next stop sign,Both,jboaz,./staging/labels - Jonathan Boaz.csv,81.1
2021.08.17.18.13.38_veh-45_00410_00618,502,1015,turn left then turn right and drive straight for two blocks,Static Referential,jboaz,./staging/labels - Jonathan Boaz.csv,51.3
2021.08.17.13.15.12_veh-45_02124_02293,340,801,turn left at the stop sign then right at the next stop sign and drive straight until the next stop sign,Static Referential,jboaz,./staging/labels - Jonathan Boaz.csv,46.1
2021.08.17.18.11.12_veh-08_00629_01599,125,2329,merge left to avoid the truck then follow the red truck ,Both,jboaz,./staging/labels - Jonathan Boaz.csv,220.4
2021.08.17.15.02.08_veh-45_01348_01731,115,1685,turn left and drive straight for blocks then turn right ,Static Referential,jboaz,./staging/labels - Jonathan Boaz.csv,157.0
2021.08.17.16.48.45_veh-43_02070_02652,1143,1983,turn left at the light and turn left at the next light then drive straight across the bridge,Static Referential,jboaz,./staging/labels - Jonathan Boaz.csv,84.0
2021.08.17.18.13.38_veh-45_00410_00618,88,498,turn left at the light then drive straight,Static Referential,jboaz,./staging/labels - Jonathan Boaz.csv,41.0
2021.09.15.14.27.22_veh-39_01281_01346,98,317,at the stopsign make a left turn,Static Referential,parthib,./staging/parthib_submissions2 - Parthib Roy.csv,21.9
2021.08.17.13.10.50_veh-08_01060_01340,20,1240,at the stopsign make a left turn and then at the next intersection make a right turn. then make a left at the intersection with the red car,Static Referential,parthib,./staging/parthib_submissions2 - Parthib Roy.csv,122.0
2021.05.12.22.00.38_veh-35_00215_00995,129,2535,,Non-Referential,parthib,./staging/parthib_submissions2 - Parthib Roy.csv,240.6
2021.10.11.05.34.05_veh-50_00020_00149,12,625,go into the rightmost turning lane when it appears and make the right turn when the intersection appears,Non-Referential,parthib,./staging/parthib_submissions2 - Parthib Roy.csv,61.3
2021.06.14.18.13.35_veh-26_04058_04170,100,483,go into the entrance of paris las vegas,Non-Referential,parthib,./staging/parthib_submissions2 - Parthib Roy.csv,38.3
2021.06.14.11.44.56_veh-35_05211_05338,304,548,go into the rightmost turn lane when it appears and make the right turn at the intersection that has arco in it,Static Referential,parthib,./staging/parthib_submissions2 - Parthib Roy.csv,24.4
2021.06.14.16.32.09_veh-35_03129_03220,103,256,go into the leftmost lane. pass the stoplight and make the next left turn into luxor las vegas,Static Referential,parthib,./staging/parthib_submissions2 - Parthib Roy.csv,15.3
2021.08.17.19.18.39_veh-08_00696_00823,156,446,make the right turn on hazelwood green plaza,Non-Referential,parthib,./staging/parthib_submissions2 - Parthib Roy.csv,29.0
2021.06.23.22.05.48_veh-16_00602_00800,80,523,"go to the right lane after passing the intersection, then go into the rightmost lane when it appears and make the right turn",Non-Referential,parthib,./staging/parthib_submissions2 - Parthib Roy.csv,44.3
2021.10.01.19.16.42_veh-28_03887_04040,403,733,"at the stopsign make a right turn, then at the next intersection make a left turn",Static Referential,parthib,./staging/parthib_submissions2 - Parthib Roy.csv,33.0
2021.06.14.19.22.11_veh-38_02466_02675,90,1032,make the left turn and switch into the right lane and keep going straight,Non-Referential,parthib,./staging/parthib_submissions2 - Parthib Roy.csv,94.2
2021.06.14.16.32.09_veh-35_04516_04698,19,251,,Non-Referential,parthib,./staging/parthib_submissions2 - Parthib Roy.csv,23.2
2021.06.09.17.37.09_veh-12_01215_01375,19,547,make the right turn into paris las vegas but wait at the interseciton to allow the pedestrians to cross the crosswalk,Dynamic Referential,parthib,./staging/parthib_submissions2 - Parthib Roy.csv,52.8
2021.08.17.18.11.12_veh-08_00083_00200,52,427,and the stopsign make a right turn and continue going straight,Non-Referential,parthib,./staging/parthib_submissions2 - Parthib Roy.csv,37.5
2021.06.09.18.23.43_veh-35_03403_03481,102,342,,Non-Referential,parthib,./staging/parthib_submissions2 - Parthib Roy.csv,24.0
2021.06.14.18.13.35_veh-26_02441_02514,133,293,,Non-Referential,parthib,./staging/parthib_submissions2 - Parthib Roy.csv,16.0
2021.06.09.18.23.43_veh-35_00555_00726,96,765,switch into the right lane after passing the second intersection,Non-Referential,parthib,./staging/parthib_submissions2 - Parthib Roy.csv,66.9
2021.07.16.16.27.22_veh-26_00016_01515,1632,1816,,Non-Referential,parthib,./staging/parthib_submissions2 - Parthib Roy.csv,18.4
2021.06.09.14.58.55_veh-35_03390_03537,26,280,,Non-Referential,parthib,./staging/parthib_submissions2 - Parthib Roy.csv,25.4
2021.08.17.13.10.50_veh-08_01060_01340,1038,1268,,Non-Referential,parthib,./staging/parthib_submissions2 - Parthib Roy.csv,23.0
2021.06.14.13.28.41_veh-12_01591_01695,89,350,make the left turn when the light turns green,Static Referential,parthib,./staging/parthib_submissions2 - Parthib Roy.csv,26.1
2021.06.09.18.23.43_veh-35_03110_03179,10,310,,Non-Referential,parthib,./staging/parthib_submissions2 - Parthib Roy.csv,30.0
2021.06.09.19.40.26_veh-12_00279_01212,384,709,,Non-Referential,parthib,./staging/parthib_submissions2 - Parthib Roy.csv,32.5
2021.06.09.14.58.55_veh-35_00016_00182,169,723,make a left turn at the intersection when the light turns green and switch into the right lane,Static Referential,parthib,./staging/parthib_submissions2 - Parthib Roy.csv,55.4
2021.09.15.14.00.15_veh-28_00895_00981,21,342,go straight on the roundabout and make a left at the next intersection,Static Referential,parthib,./staging/parthib_submissions2 - Parthib Roy.csv,32.1
2021.10.11.07.47.13_veh-50_01190_01452,774,1149,"when you pass the intersection switch into the right lane to avoid the parked vehicle in front of your lane, go back onto the original lane and make the left turn",Static Referential,parthib,./staging/parthib_submissions2 - Parthib Roy.csv,37.5
2021.06.14.13.27.42_veh-35_01160_01331,436,646,,Non-Referential,parthib,./staging/parthib_submissions2 - Parthib Roy.csv,21.0
2021.07.09.20.59.12_veh-38_06872_07220,409,1298,follow the white car in making the left turn but enter into the left lane next to it,Dynamic Referential,parthib,./staging/parthib_submissions2 - Parthib Roy.csv,88.9
2021.06.09.14.50.36_veh-26_01209_01393,666,840,make a left turn at the intersectio,Non-Referential,parthib,./staging/parthib_submissions2 - Parthib Roy.csv,17.4
2021.06.14.11.44.56_veh-35_01595_01804,452,821,,Non-Referential,parthib,./staging/parthib_submissions2 - Parthib Roy.csv,36.9
2021.06.09.12.39.51_veh-26_00492_00587,148,378,,Non-Referential,parthib,./staging/parthib_submissions2 - Parthib Roy.csv,23.0
2021.07.16.23.22.27_veh-14_00015_01368,1236,1653,,Non-Referential,parthib,./staging/parthib_submissions2 - Parthib Roy.csv,41.7
2021.06.09.14.50.36_veh-26_04746_04837,96,433,,Non-Referential,parthib,./staging/parthib_submissions2 - Parthib Roy.csv,33.7
2021.10.01.19.16.42_veh-28_00392_00906,233,2491,at the second intersection make a right turn. at the next intersection make a left turn. at the next intersection make a right turn. when you approach the stopsign make a right turn. when you pass the stoplight switch into the right lane. make the right turn at the intersection and after passing the next intersection switch into the left lane. at the fourth intersection forward make a left turn when its clear.,Non-Referential,parthib,./staging/parthib_submissions2 - Parthib Roy.csv,225.8
2021.06.23.21.56.29_veh-35_00097_00209,129,283,get into the middle turn lane,Non-Referential,parthib,./staging/parthib_submissions2 - Parthib Roy.csv,15.4
2021.08.17.16.48.45_veh-43_01060_01405,363,566,at the stop sign make a right turn and go straight,Static Referential,parthib,./staging/parthib_submissions2 - Parthib Roy.csv,20.3
2021.07.09.01.37.16_veh-26_03432_03503,5,236,,Non-Referential,parthib,./staging/parthib_submissions2 - Parthib Roy.csv,23.1
2021.06.14.16.32.09_veh-35_02928_03118,355,586,,Non-Referential,parthib,./staging/parthib_submissions2 - Parthib Roy.csv,23.1
2021.06.09.12.51.31_veh-35_05024_05275,744,945,after passing the inerseciton switch into the right lane when there are no cars in the blindspot,Dynamic Referential,parthib,./staging/parthib_submissions2 - Parthib Roy.csv,20.1
2021.06.09.18.23.43_veh-35_03967_05057,494,937,,Non-Referential,parthib,./staging/parthib_submissions2 - Parthib Roy.csv,44.3
2021.10.06.13.21.47_veh-28_01002_01116,124,412,change into the left lane behind the truck,Dynamic Referential,parthib,./staging/parthib_submissions2 - Parthib Roy.csv,28.8
2021.06.09.14.03.17_veh-12_02011_02101,69,392,at the sotpsign make a right turn and then go into the second left lane at the intersection,Static Referential,parthib,./staging/parthib_submissions2 - Parthib Roy.csv,32.3
2021.06.14.16.48.02_veh-12_02517_02590,87,286,,Non-Referential,parthib,./staging/parthib_submissions2 - Parthib Roy.csv,19.9
2021.09.15.13.16.40_veh-28_00180_00257,48,364,,Non-Referential,parthib,./staging/parthib_submissions2 - Parthib Roy.csv,31.6
2021.06.14.14.25.15_veh-26_00867_01088,165,574,,Non-Referential,parthib,./staging/parthib_submissions2 - Parthib Roy.csv,40.9
2021.06.14.19.22.11_veh-38_02857_03230,53,1857,"head toward the exit, make the same left turn as the white truck ahead of you and enter into the lane to the right of it. after passing 2 intersections switch into the right. when you pass three more intersections, make another right lane switch.",Dynamic Referential,parthib,./staging/parthib_submissions2 - Parthib Roy.csv,180.4
2021.06.23.20.43.31_veh-16_03607_04007,1333,1645,,Non-Referential,parthib,./staging/parthib_submissions2 - Parthib Roy.csv,31.2
2021.06.23.21.56.29_veh-35_00947_01581,905,1764,after passing the second intersection switch into the right lane and then make the right turn into wynn las vegas,Static Referential,parthib,./staging/parthib_submissions2 - Parthib Roy.csv,85.9
2021.06.23.18.23.38_veh-26_00663_01217,728,1505,,Non-Referential,parthib,./staging/parthib_submissions2 - Parthib Roy.csv,77.7
2021.05.12.19.36.12_veh-35_01305_01389,69,245,,Non-Referential,parthib,./staging/parthib_submissions2 - Parthib Roy.csv,17.6
2021.05.12.19.36.12_veh-35_00215_00405,0,832,,Non-Referential,parthib,./staging/parthib_submissions2 - Parthib Roy.csv,83.2
2021.10.06.17.08.46_veh-28_01298_01548,40,1185,at the second stopsign make a right turn. go forward and proceed straight on the intersection once the person crosses the road. move over to the left side of the road to avoid the parked vehicle and go back in the same lane. at the next stopsign make a right turn and at the end of the road make a left turn,Both,parthib,./staging/parthib_submissions2 - Parthib Roy.csv,114.5
2021.08.17.18.54.02_veh-45_01261_02086,8,2521,"when the light turns green, make a right turn. at the next intersection make a left turn. at the second intersection make another left turn toward tunnel park. at the end of the road make a right turn and follow the road and at the next intersection make a right turn",Static Referential,parthib,./staging/parthib_submissions2 - Parthib Roy.csv,251.3
2021.08.17.17.17.01_veh-45_02314_02798,330,2195,"let the 2 cars from behind pass you then go back on the road at the next intersection make a left turn. at the next intersection make a right turn, get into the left lane and make the left turn when the light turns green. at the next intersection make a left turn. another left at the next intersection and a right turn at the next intersection. keep going straight",Static Referential,parthib,./staging/parthib_submissions2 - Parthib Roy.csv,186.5
2021.08.17.14.32.33_veh-08_00390_00468,65,382,make a right turn when the light turns green and then go into the left lane,Static Referential,parthib,./staging/parthib_submissions2 - Parthib Roy.csv,31.7
2021.06.09.17.23.18_veh-38_01151_01532,556,751,after passing the intersection merge into the right lane,Non-Referential,parthib,./staging/parthib_submissions2 - Parthib Roy.csv,19.5
2021.06.14.14.25.15_veh-26_02659_02759,136,452,"go toward the exit slowly, as you let pedestrians walk through the road",Dynamic Referential,parthib,./staging/parthib_submissions2 - Parthib Roy.csv,31.6
2021.07.09.20.59.12_veh-38_01713_01842,46,603,,Non-Referential,parthib,./staging/parthib_submissions2 - Parthib Roy.csv,55.7
2021.09.15.11.49.23_veh-28_02024_02091,55,274,go straight at the roundabout and make a left turn at the first intersection. then follow the road on the right side,Static Referential,parthib,./staging/parthib_submissions2 - Parthib Roy.csv,21.9
2021.06.14.13.28.41_veh-12_01313_01541,207,928,"stop before the interseciton of the entrance to paris las vegas, letting pedestrians cross through first before completing the right turn. then enter into the front of paris las vegas",Dynamic Referential,parthib,./staging/parthib_submissions2 - Parthib Roy.csv,72.1
2021.08.17.13.15.12_veh-45_02025_02103,55,322,,Non-Referential,parthib,./staging/parthib_submissions2 - Parthib Roy.csv,26.7
2021.07.09.02.42.50_veh-35_00038_02629,2050,2517,,Non-Referential,parthib,./staging/parthib_submissions2 - Parthib Roy.csv,46.7
2021.08.17.16.48.45_veh-43_03137_03245,28,533,at the intersection make a right turn and go straight,Non-Referential,parthib,./staging/parthib_submissions2 - Parthib Roy.csv,50.5
2021.09.15.14.50.05_veh-28_01392_01458,53,307,,Non-Referential,parthib,./staging/parthib_submissions2 - Parthib Roy.csv,25.4
2021.06.14.18.42.45_veh-12_01535_01612,18,356,,Non-Referential,parthib,./staging/parthib_submissions2 - Parthib Roy.csv,33.8
2021.10.11.05.34.05_veh-50_00020_00149,209,609,go into the right turning lane when it appears and complete the right turn when no cars are oncoming,Dynamic Referential,parthib,./staging/parthib_submissions2 - Parthib Roy.csv,40.0
2021.06.14.14.03.45_veh-38_02007_02072,107,271,prepare to make the left turn but let the two cars pass through,Non-Referential,parthib,./staging/parthib_submissions2 - Parthib Roy.csv,16.4
2021.10.11.02.57.41_veh-50_00704_00776,28,336,,Non-Referential,parthib,./staging/parthib_submissions2 - Parthib Roy.csv,30.8
2021.07.09.01.37.16_veh-26_02856_02932,26,292,make the left turn when the light turns green,Static Referential,parthib,./staging/parthib_submissions2 - Parthib Roy.csv,26.6
2021.10.01.17.52.06_veh-28_00675_00737,36,205,make a right turn when the light turns green,Static Referential,parthib,./staging/parthib_submissions2 - Parthib Roy.csv,16.9
2021.06.23.16.54.19_veh-35_01277_01592,830,1487,make a left turn when the light goes green and go staight,Static Referential,parthib,./staging/parthib_submissions2 - Parthib Roy.csv,65.7
2021.07.09.16.12.19_veh-26_05071_05149,61,242,make a left turn when all people have crossed the road and when the light is green,Both,parthib,./staging/parthib_submissions2 - Parthib Roy.csv,18.1
2021.09.15.16.17.26_veh-28_00586_00712,170,392,before approaching the stopsign move over more on the right side to let the truck complete his turn,Dynamic Referential,parthib,./staging/parthib_submissions2 - Parthib Roy.csv,22.2
2021.06.09.17.23.18_veh-38_04286_04521,385,872,,Non-Referential,parthib,./staging/parthib_submissions2 - Parthib Roy.csv,48.7
2021.06.23.18.23.38_veh-26_01769_01925,111,744,"after the third sotplight, turn into the right lane and make the right turn into the resort entrance",Static Referential,parthib,./staging/parthib_submissions2 - Parthib Roy.csv,63.3
2021.07.09.17.06.37_veh-35_00049_00237,37,788,follow the path of the car in front of you,Dynamic Referential,parthib,./staging/parthib_submissions2 - Parthib Roy.csv,75.1
2021.09.15.15.34.53_veh-28_01133_01234,278,430,,Non-Referential,parthib,./staging/parthib_submissions2 - Parthib Roy.csv,15.2
2021.09.15.14.50.05_veh-28_02133_02222,209,426,make the same left turn from the place where the truck is coming out of,Dynamic Referential,parthib,./staging/parthib_submissions2 - Parthib Roy.csv,21.7
2021.09.15.13.52.55_veh-39_00371_00631,160,381,at the intersection make a right turn,Non-Referential,parthib,./staging/parthib_submissions2 - Parthib Roy.csv,22.1
2021.06.14.19.22.11_veh-38_01400_01469,71,338,,Non-Referential,parthib,./staging/parthib_submissions2 - Parthib Roy.csv,26.7
2021.05.12.23.36.44_veh-35_01133_01535,673,1664,exit out and be in the middle lane to make the left turn when you approach the stoplight,Static Referential,parthib,./staging/parthib_submissions2 - Parthib Roy.csv,99.1
2021.07.16.18.06.21_veh-38_03733_04300,2028,2498,keep following the white vehicle that is ahead of you,Dynamic Referential,parthib,./staging/parthib_submissions2 - Parthib Roy.csv,47.0
2021.07.09.01.37.16_veh-26_02856_02932,120,279,,Non-Referential,parthib,./staging/parthib_submissions2 - Parthib Roy.csv,15.9
2021.06.09.14.58.55_veh-35_04360_04484,31,240,,Non-Referential,parthib,./staging/parthib_submissions2 - Parthib Roy.csv,20.9
2021.10.01.15.32.11_veh-28_01000_01136,239,642,,Non-Referential,parthib,./staging/parthib_submissions2 - Parthib Roy.csv,40.3
2021.10.11.02.57.41_veh-50_01343_01501,221,379,make the second left turn,Non-Referential,parthib,./staging/parthib_submissions2 - Parthib Roy.csv,15.8
2021.06.14.18.42.45_veh-12_05170_05261,13,339,,Non-Referential,parthib,./staging/parthib_submissions2 - Parthib Roy.csv,32.6
2021.06.14.19.22.11_veh-38_01134_01389,755,1143,make a left turn when the light goes green,Static Referential,parthib,./staging/parthib_submissions2 - Parthib Roy.csv,38.8
2021.08.17.16.48.45_veh-43_00114_00415,81,762,at the end of the road make a left turn when no cars are coming from either side,Dynamic Referential,parthib,./staging/parthib_submissions2 - Parthib Roy.csv,68.1
2021.06.14.19.22.11_veh-38_00675_00889,440,1016,"after passing the first intersection, switch into the right lane and go straight.",Non-Referential,parthib,./staging/parthib_submissions2 - Parthib Roy.csv,57.6
2021.10.01.19.16.42_veh-28_02011_02410,25,1932,"at the fifth stoplight make a left turn. then at the stopsign make a left turn. after passing the intersection, switch into the left lane and make a left turn. then at the end of the road when you approach the sotplight, make the right turn and then switch into the left lane and go straight",Static Referential,parthib,./staging/parthib_submissions2 - Parthib Roy.csv,190.7
2021.10.01.18.26.05_veh-28_00949_01041,79,416,follow the path of the white truck in front of you,Dynamic Referential,parthib,./staging/parthib_submissions2 - Parthib Roy.csv,33.7
2021.06.09.14.50.36_veh-26_01037_01113,49,267,after passing the intersection switch into the right lane,Non-Referential,parthib,./staging/parthib_submissions2 - Parthib Roy.csv,21.8
2021.09.15.15.34.53_veh-28_01533_01596,94,249,,Non-Referential,parthib,./staging/parthib_submissions2 - Parthib Roy.csv,15.5
2021.06.23.20.00.35_veh-35_00130_00949,187,547,,Non-Referential,parthib,./staging/parthib_submissions2 - Parthib Roy.csv,36.0
2021.07.16.23.22.27_veh-14_04496_06203,349,1966,,Non-Referential,parthib,./staging/parthib_submissions2 - Parthib Roy.csv,161.7
2021.10.06.13.21.47_veh-28_00016_00086,23,229,when you see the white parked truck ahead of you move over to the left side,Static Referential,parthib,./staging/parthib_submissions2 - Parthib Roy.csv,20.6
2021.06.23.20.00.35_veh-35_04162_04257,214,415,stop at the intersection to let the pedestrians walk through the crosswalk. make the right turn when no cars are coming from the left side or if there are no pedestrians,Dynamic Referential,parthib,./staging/parthib_submissions2 - Parthib Roy.csv,20.1
2021.06.09.18.23.43_veh-35_03967_05057,1286,2100,"go into the right turning lane and make the right turn. go to the front entrance of the building and temporarily park in front of the grey minivan that is unloading the luggage. after the taxi cab from your back left side passes you, go back onto the road toward the exit and into the second left turning lane.",Both,parthib,./staging/parthib_submissions2 - Parthib Roy.csv,81.4
2021.08.17.13.15.12_veh-45_00819_00884,43,302,when you approach the stopsign make a left turn,Static Referential,parthib,./staging/parthib_submissions2 - Parthib Roy.csv,25.9
2021.07.16.18.49.56_veh-26_00833_03384,330,2295,"switch to the right lane. when you pass three intersections, make a right lane switch again. follow the honda in front of you and make the same turn, then switch into the left lane. follow the black vehicle in front of you and make the same turn. keep following it through the exit and the exit turn",Both,parthib,./staging/parthib_submissions2 - Parthib Roy.csv,196.5
2021.10.01.17.52.06_veh-28_01622_01687,18,315,make a right turn at the intersection then a left turn at the stoplight and then another right turn when you can,Static Referential,parthib,./staging/parthib_submissions2 - Parthib Roy.csv,29.7
2021.08.17.14.45.12_veh-42_01866_01999,106,561,,Non-Referential,parthib,./staging/parthib_submissions2 - Parthib Roy.csv,45.5
2021.06.09.14.58.55_veh-35_02861_03037,610,820,,Non-Referential,parthib,./staging/parthib_submissions2 - Parthib Roy.csv,21.0
2021.09.15.13.16.40_veh-28_01817_01902,32,401,"make a right turn. when you approach the yellow trucks in front of you, slowly pass through on the right side",Dynamic Referential,parthib,./staging/parthib_submissions2 - Parthib Roy.csv,36.9
2021.07.16.00.51.05_veh-17_00023_01331,1260,2153,switch to the left lane and go straight,Static Referential,parthib,./staging/parthib_submissions2 - Parthib Roy.csv,89.3
2021.06.09.14.50.36_veh-26_05225_05311,174,347,,Non-Referential,parthib,./staging/parthib_submissions2 - Parthib Roy.csv,17.3
2021.06.09.18.23.43_veh-35_01416_01573,368,646,,Non-Referential,parthib,./staging/parthib_submissions2 - Parthib Roy.csv,27.8
2021.06.14.18.42.45_veh-12_01253_01334,76,318,follow the vehicle in front of you,Dynamic Referential,parthib,./staging/parthib_submissions2 - Parthib Roy.csv,24.2
2021.06.23.14.58.13_veh-35_01831_02026,375,610,,Non-Referential,parthib,./staging/parthib_submissions2 - Parthib Roy.csv,23.5
2021.06.09.20.26.11_veh-35_00540_00789,428,998,after passing the intersection make a lane change to the right,Non-Referential,parthib,./staging/parthib_submissions2 - Parthib Roy.csv,57.0
2021.06.09.11.54.15_veh-12_03917_04069,81,348,"after passing the intersection, switch to the right lane ",Non-Referential,parthib,./staging/parthib_submissions2 - Parthib Roy.csv,26.7
2021.10.11.02.57.41_veh-50_00029_00134,44,405,"once you make the left turn, switch to the right lane",Non-Referential,parthib,./staging/parthib_submissions2 - Parthib Roy.csv,36.1
2021.07.16.00.24.14_veh-38_00367_01154,1663,2332,after passing the intersection switch to the right lane,Non-Referential,parthib,./staging/parthib_submissions2 - Parthib Roy.csv,66.9
2021.07.16.18.06.21_veh-38_05338_05486,96,702,at the intersection make a right turn. then switch to the left lane and go straight. make the first left turn after the stopsign.,Static Referential,parthib,./staging/parthib_submissions2 - Parthib Roy.csv,60.6
2021.06.14.18.13.35_veh-26_00954_01050,253,445,,Non-Referential,parthib,./staging/parthib_submissions2 - Parthib Roy.csv,19.2
2021.06.14.13.28.41_veh-12_00005_00158,137,416,,Non-Referential,parthib,./staging/parthib_submissions2 - Parthib Roy.csv,27.9
2021.09.15.13.12.49_veh-39_00541_00634,45,342,make a left turn once no cars are oncoming. after passing the first intersection switch to the right lane,Dynamic Referential,parthib,./staging/parthib_submissions2 - Parthib Roy.csv,29.7
2021.08.17.18.44.32_veh-08_00586_00848,701,902,make the first left after the stopsign,Static Referential,parthib,./staging/parthib_submissions2 - Parthib Roy.csv,20.1
2021.06.14.16.32.09_veh-35_02435_02526,56,263,,Non-Referential,parthib,./staging/parthib_submissions2 - Parthib Roy.csv,20.7
2021.09.15.16.51.15_veh-28_01225_01302,101,324,"make a right at the stopsign. slow down before you come across the crosswalk to allow the pedestrians to pass, then proceed forward, move over to the left when you are near the truck in front of you to avoid hitting it and then go back into the original lane",Both,parthib,./staging/parthib_submissions2 - Parthib Roy.csv,22.3
2021.10.01.18.26.05_veh-28_01081_01159,152,365,,Non-Referential,parthib,./staging/parthib_submissions2 - Parthib Roy.csv,21.3
2021.10.06.17.08.46_veh-28_01626_01702,4,332,make a elft turn at this stopright and also the next stoplight. switch to the right lane after the second turn.,Static Referential,parthib,./staging/parthib_submissions2 - Parthib Roy.csv,32.8
2021.06.23.20.43.31_veh-16_00238_00577,4,1450,,Non-Referential,parthib,./staging/parthib_submissions2 - Parthib Roy.csv,144.6
2021.06.09.17.23.18_veh-38_00609_00762,267,432,,Non-Referential,parthib,./staging/parthib_submissions2 - Parthib Roy.csv,16.5
2021.07.16.23.22.27_veh-14_03844_04474,1182,1557," make a right turn at this intersection, then enter through the left side and park behind the white vehicle.",Static Referential,parthib,./staging/parthib_submissions2 - Parthib Roy.csv,37.5
2021.07.16.16.08.35_veh-35_02397_02540,376,558,,Non-Referential,parthib,./staging/parthib_submissions2 - Parthib Roy.csv,18.2
2021.09.15.14.27.22_veh-39_00868_01125,12,1261,make the right turn when you approach a stopsign. then make a left turn at the next stopsign. then make a right at the next intersection,Static Referential,parthib,./staging/parthib_submissions2 - Parthib Roy.csv,124.9
2021.06.23.21.56.29_veh-35_01603_02401,854,2506,"make a right lane switch after the third intersection, then enter to the entrance of the resort and casino and exit through it",Static Referential,parthib,./staging/parthib_submissions2 - Parthib Roy.csv,165.2
2021.10.11.02.57.41_veh-50_01522_02088,449,1173,"at the first two stopsigns, make a left turn. then when the left turning lane appears, enter it and make the left turn. then make the third left",Non-Referential,parthib,./staging/parthib_submissions2 - Parthib Roy.csv,72.4
2021.06.09.14.50.36_veh-26_05225_05311,56,267,,Non-Referential,parthib,./staging/parthib_submissions2 - Parthib Roy.csv,21.1
2021.10.11.08.31.07_veh-50_01184_01318,0,378,,Non-Referential,parthib,./staging/parthib_submissions2 - Parthib Roy.csv,37.8
2021.08.17.18.11.12_veh-08_00234_00611,181,1794,"when you approach the stoplight, make a left turn. then at the next intersection, make a left lane into hot metal bridge.",Static Referential,parthib,./staging/parthib_submissions2 - Parthib Roy.csv,161.3
2021.07.09.20.26.06_veh-35_01768_02782,1394,1769,switch into the right lane behind the black vehicle ,Static Referential,parthib,./staging/parthib_submissions2 - Parthib Roy.csv,37.5
2021.06.23.17.31.36_veh-16_01812_01883,0,279,,Non-Referential,parthib,./staging/parthib_submissions2 - Parthib Roy.csv,27.9
2021.10.06.14.31.13_veh-28_00362_00475,69,549,stay on the left side of the road to avoid the parked vehicles on the right and make a left turn when you approach the stopsign.,Static Referential,parthib,./staging/parthib_submissions2 - Parthib Roy.csv,48.0
2021.10.01.18.26.05_veh-28_00949_01041,4,452,,Non-Referential,parthib,./staging/parthib_submissions2 - Parthib Roy.csv,44.8
2021.10.01.17.52.06_veh-28_00098_00211,244,430,when you see the stopped white vehicle ahead of you switch to the right lane,Static Referential,parthib,./staging/parthib_submissions2 - Parthib Roy.csv,18.6
2021.06.09.12.51.31_veh-35_00540_00631,230,412,make a left turn when the light turns green,Static Referential,parthib,./staging/parthib_submissions2 - Parthib Roy.csv,18.2
2021.06.14.17.26.26_veh-38_00955_01067,315,483,when you pass the intersection switch to the right lane when the taxicab passes,Dynamic Referential,parthib,./staging/parthib_submissions2 - Parthib Roy.csv,16.8
2021.10.11.07.12.18_veh-50_00866_01534,349,1126,"make a lft turn and go straight. make a right lane switch when you see the trafic cones behind the vehicle, then come back to the original lane to make the left turn toward one-north park and make the next left",Static Referential,parthib,./staging/parthib_submissions2 - Parthib Roy.csv,77.7
2021.06.09.12.39.51_veh-26_05332_05540,216,557,,Non-Referential,parthib,./staging/parthib_submissions2 - Parthib Roy.csv,34.1
2021.09.15.13.12.49_veh-39_00135_00467,582,1420,follow the vehicle ahead of you. make the right turn and move into the far right lane and go straight. at the stopsign make a left turn,Static Referential,parthib,./staging/parthib_submissions2 - Parthib Roy.csv,83.8
2021.08.17.18.43.12_veh-43_01390_01589,207,404,at the second stopsign make a left turn,Static Referential,parthib,./staging/parthib_submissions2 - Parthib Roy.csv,19.7
2021.08.17.18.13.38_veh-45_00016_00127,1,157,and the stopsign make a right turn and go straight,Static Referential,parthib,./staging/parthib_submissions2 - Parthib Roy.csv,15.6
2021.05.12.19.36.12_veh-35_01179_01278,32,460,,Non-Referential,parthib,./staging/parthib_submissions2 - Parthib Roy.csv,42.8
2021.06.09.18.23.43_veh-35_01939_02025,37,420,,Non-Referential,parthib,./staging/parthib_submissions2 - Parthib Roy.csv,38.3
2021.06.14.13.28.41_veh-12_04719_04892,45,772,follow the vehicle in front of you and complete the left turn and enter into a lane left form it,Dynamic Referential,parthib,./staging/parthib_submissions2 - Parthib Roy.csv,72.7
2021.10.06.14.31.13_veh-28_01388_01849,1098,1829,complete the right turn when no pedestrians are crossing and go straight,Dynamic Referential,parthib,./staging/parthib_submissions2 - Parthib Roy.csv,73.1
2021.06.14.16.32.09_veh-35_01781_02379,1810,2538,"make the right turn, switch into the left lane, slow down before the crosswalk to allow the pedestrians to cross. make the first left after the stopsign",Dynamic Referential,parthib,./staging/parthib_submissions2 - Parthib Roy.csv,72.8
2021.06.14.16.32.09_veh-35_03803_04103,656,1109,"follow the vehicle ahead of you, make the same left turn ",Dynamic Referential,parthib,./staging/parthib_submissions2 - Parthib Roy.csv,45.3
2021.06.14.14.25.15_veh-26_03964_04278,96,1529,"after passing the third intersection , switch into the right lane. then make a right turn in the next intersection, switch to the left lane and enter into luxor las vegas",Static Referential,parthib,./staging/parthib_submissions2 - Parthib Roy.csv,143.3
2021.06.09.14.58.55_veh-35_03811_03916,109,437,make the first left after the stopsign,Static Referential,parthib,./staging/parthib_submissions2 - Parthib Roy.csv,32.8
2021.06.09.12.51.31_veh-35_00540_00631,211,444,make the left turn when the light turns green,Static Referential,parthib,./staging/parthib_submissions2 - Parthib Roy.csv,23.3
2021.06.09.17.37.09_veh-12_03600_03810,189,898,"make a right turn when the pedestrians cross the sidewalk. when the white car from the back left passes you, switch into the left lane. make the first left after the stopsign.",Both,parthib,./staging/parthib_submissions2 - Parthib Roy.csv,70.9
2021.08.17.13.15.12_veh-45_00565_00643,157,346,"pass the stopsign, and at the intersection make a right turn.",Static Referential,parthib,./staging/parthib_submissions2 - Parthib Roy.csv,18.9
2021.07.09.20.59.12_veh-38_02064_03281,0,2543,switch into the right lane after passing the third intersection. make the right turn into paris las vegas but wait at the stoplight for the pedestrians to cross. go around the roundabout and exit and at the stoplight be in the far left lane.,Both,parthib,./staging/parthib_submissions2 - Parthib Roy.csv,254.3
2021.06.09.11.54.15_veh-12_04366_04810,100,1841,"after passing the second intersection, make a right lane change and at the next intersection make a right turn. switch to the left lane and then make the first left after the stopsign.",Static Referential,parthib,./staging/parthib_submissions2 - Parthib Roy.csv,174.1
2021.06.23.14.06.20_veh-26_02505_02775,2,1344,make the righ tutrn into aria resort and casino,Static Referential,parthib,./staging/parthib_submissions2 - Parthib Roy.csv,134.2
2021.10.01.17.52.06_veh-28_00327_00427,88,489,make a left turn at the intersection and go straight,Non-Referential,parthib,./staging/parthib_submissions2 - Parthib Roy.csv,40.1
2021.06.14.13.27.42_veh-35_01472_01666,279,807,follow the path of the white vehicle ahead of you,Dynamic Referential,parthib,./staging/parthib_submissions2 - Parthib Roy.csv,52.8
2021.08.17.13.15.12_veh-45_01679_01816,7,486,"make a right turn at the intersection then after you pass the next intersection switch into the right lane. after passing the next intersection, switch to the left lane. when the left turning lane appears enter it",Non-Referential,parthib,./staging/parthib_submissions2 - Parthib Roy.csv,47.9
2021.08.17.16.48.45_veh-43_01439_01665,10,1093,at the fourth stopsign make a left turn.make a right turn when the light turns green. then switch into the far left turning lane and make the left turn at the intersection.,Static Referential,parthib,./staging/parthib_submissions2 - Parthib Roy.csv,108.3
2021.06.09.14.03.17_veh-12_00375_00566,51,737,follow the white vehicle ahead of you,Non-Referential,parthib,./staging/parthib_submissions2 - Parthib Roy.csv,68.6
2021.05.12.22.28.35_veh-35_02138_02481,89,1647,"make the right turn into veer towers east, go in front of the entrance then exit",Static Referential,parthib,./staging/parthib_submissions2 - Parthib Roy.csv,155.8
2021.08.17.18.43.12_veh-43_00125_00805,583,2449,"after passing the stoplight switch into the right lane. at the next stoplight make the right turn. then park in front of the first parked vehicle on the right. let the vehicle behind you pass, go back onto the main road and make the left turn at the stopsign. at the next stoplight make a right turn and go straight",Both,parthib,./staging/parthib_submissions2 - Parthib Roy.csv,186.6
2021.06.14.16.48.02_veh-12_04978_05337,206,1599,"when the light turns green make a left turn. then switch to the right lane. after passing the intersection right veer towers west on the left side, switch to the right lane and go straight",Static Referential,parthib,./staging/parthib_submissions2 - Parthib Roy.csv,139.3
2021.06.09.12.39.51_veh-26_04374_04513,87,537,after passing the intersection switch into the right lane,Non-Referential,parthib,./staging/parthib_submissions2 - Parthib Roy.csv,45.0
2021.09.15.16.17.26_veh-28_00937_01074,100,460,at the third stoplight make a left turn,Non-Referential,parthib,./staging/parthib_submissions2 - Parthib Roy.csv,36.0
2021.06.09.14.03.17_veh-12_02011_02101,19,412,"let the pedestrians pass, then make a tright turn at the stopsign. go into the second left turning lane.",Static Referential,parthib,./staging/parthib_submissions2 - Parthib Roy.csv,39.3
2021.07.16.00.51.05_veh-17_03264_05261,1270,1483,,Non-Referential,parthib,./staging/parthib_submissions2 - Parthib Roy.csv,21.3
2021.10.11.02.57.41_veh-50_01522_02088,28,2265,"make a left turn when it appears and also make the next left after that. stop before the crosswalk to allow the pedestrian to cross through it. make the left turn in the area where a car is coming out of it. at the end of the road make a left turn. at the end when you see a stop sign make another left turn. go into the left turning lane and make the left turn when the car on the right passes. make the left turn when you see the blue sign with the ""slow"" written on the ground. at the end of the road make a left turn, and the very next left turn. exit through and on the intersection make a left turn. make a left turn at the stoplight. and make the next two left turns.",Both,parthib,./staging/parthib_submissions2 - Parthib Roy.csv,223.7
2021.06.09.11.54.15_veh-12_05342_05403,60,272,follow the white vehicle ahead of you and make the same turn,Dynamic Referential,parthib,./staging/parthib_submissions2 - Parthib Roy.csv,21.2
2021.10.06.18.52.07_veh-28_00592_00655,13,260,,Non-Referential,parthib,./staging/parthib_submissions2 - Parthib Roy.csv,24.7
2021.08.17.18.54.02_veh-45_02105_02189,136,378,make a right turn at the intersection and go straight,Non-Referential,parthib,./staging/parthib_submissions2 - Parthib Roy.csv,24.2
2021.06.23.18.23.38_veh-26_01438_01758,414,1439,,Non-Referential,parthib,./staging/parthib_submissions2 - Parthib Roy.csv,102.5
2021.08.17.17.55.18_veh-43_00802_01030,232,1126,"at the second intersection make a left turn. then at the stopsign make a left turn. at the next stopsign make a left turn. park temporarily in front of the minivan on the side, go back onto the main road and go straight",Static Referential,parthib,./staging/parthib_submissions2 - Parthib Roy.csv,89.4
2021.10.01.19.16.42_veh-28_01511_01624,184,452,make the elft turn and at the next stopsign make a right turn,Static Referential,parthib,./staging/parthib_submissions2 - Parthib Roy.csv,26.8
2021.07.16.23.22.27_veh-14_01383_01479,113,345,,Non-Referential,parthib,./staging/parthib_submissions2 - Parthib Roy.csv,23.2
2021.09.15.15.34.53_veh-28_01533_01596,114,286,,Non-Referential,parthib,./staging/parthib_submissions2 - Parthib Roy.csv,17.2
2021.06.09.18.23.43_veh-35_05198_05504,899,1204,make the right turn into the entrance of the big building,Static Referential,parthib,./staging/parthib_submissions2 - Parthib Roy.csv,30.5
2021.05.12.22.28.35_veh-35_00350_00568,367,934,merge back into the main road once the two vehicles from the back have passed. go toward the exit and go into the leftmost turning lane,Static Referential,parthib,./staging/parthib_submissions2 - Parthib Roy.csv,56.7
2021.06.23.20.43.31_veh-16_03607_04007,76,1889,make a right lane search after passing the last intersection before passing the toor center,Static Referential,parthib,./staging/parthib_submissions2 - Parthib Roy.csv,181.3
2021.06.09.12.51.31_veh-35_03229_03360,124,634,"make a right turn at the intersection, switch into the left lane, allow the pedestrians to cross then proceed forward.",Dynamic Referential,parthib,./staging/parthib_submissions2 - Parthib Roy.csv,51.0
2021.06.09.12.51.31_veh-35_00697_00820,21,575,,Non-Referential,parthib,./staging/parthib_submissions2 - Parthib Roy.csv,55.4
2021.07.09.15.53.28_veh-38_04778_04886,12,453,make the right turn toward paris las vegas and go into the front,Static Referential,parthib,./staging/parthib_submissions2 - Parthib Roy.csv,44.1
2021.10.01.19.16.42_veh-28_00917_01499,1117,1932,"stop right before the intersection to allow the pedestrians to cross the crosswalk, then complete the right turn. after passing the first intersection switch into the left lane and go straight",Dynamic Referential,parthib,./staging/parthib_submissions2 - Parthib Roy.csv,81.5
2021.06.14.18.42.45_veh-12_02978_03068,9,245,"stop at the stopsign, and make the first left turn after it",Static Referential,parthib,./staging/parthib_submissions2 - Parthib Roy.csv,23.6
2021.10.06.19.27.33_veh-28_00121_00289,81,739,make the right turn. at the next itnersection make another right turn and into the far right lane. at the next stoplight make a right turn,Static Referential,parthib,./staging/parthib_submissions2 - Parthib Roy.csv,65.8
2021.09.15.14.00.15_veh-28_00288_00408,2,505,,Static Referential,parthib,./staging/parthib_submissions2 - Parthib Roy.csv,50.3
2021.06.14.14.03.45_veh-38_01547_01613,2,230,follow th epath of the vehicle in front of you,Dynamic Referential,parthib,./staging/parthib_submissions2 - Parthib Roy.csv,22.8
2021.06.14.16.48.02_veh-12_02601_02668,70,313,,Non-Referential,parthib,./staging/parthib_submissions2 - Parthib Roy.csv,24.3
2021.06.14.14.03.45_veh-38_01018_01144,158,318,make the right turn at the stopsign and switch into the left lane,Static Referential,parthib,./staging/parthib_submissions2 - Parthib Roy.csv,16.0
2021.06.09.17.23.18_veh-38_04708_04770,65,255,make a left turn when the light is green and when all pedestrians have crossed the road,Both,parthib,./staging/parthib_submissions2 - Parthib Roy.csv,19.0
2021.06.09.20.26.11_veh-35_00825_00942,158,406,make the left turn at the intersection,Non-Referential,parthib,./staging/parthib_submissions2 - Parthib Roy.csv,24.8
2021.06.14.18.42.45_veh-12_01345_01523,300,847,switch into the right lane after passing the third intersection,Non-Referential,parthib,./staging/parthib_submissions2 - Parthib Roy.csv,54.7
2021.06.14.18.33.41_veh-35_04275_04435,262,779,,Non-Referential,parthib,./staging/parthib_submissions2 - Parthib Roy.csv,51.7
2021.09.15.13.52.55_veh-39_00371_00631,0,1295,stay on the right side of the road and go in the middle when you approach the parked vehicles on the right. at the stopsign make a left turn at the next stopsign make a right turn. at the second stopsign make a right turn. then at the end of the road make a left turn and go straight,Static Referential,parthib,./staging/parthib_submissions2 - Parthib Roy.csv,129.5
2021.09.15.16.51.15_veh-28_00357_00430,131,292,,Non-Referential,parthib,./staging/parthib_submissions2 - Parthib Roy.csv,16.1
2021.09.15.13.52.55_veh-39_00134_00215,67,360,allow the truck to back up and clear the road before proceeding through,Dynamic Referential,parthib,./staging/parthib_submissions2 - Parthib Roy.csv,29.3
2021.10.01.17.52.06_veh-28_00327_00427,6,224,,Non-Referential,parthib,./staging/parthib_submissions2 - Parthib Roy.csv,21.8
2021.10.11.08.31.07_veh-50_01576_01734,97,527,make a left turn ,Non-Referential,parthib,./staging/parthib_submissions2 - Parthib Roy.csv,43.0
2021.07.16.16.27.22_veh-26_01536_02260,332,559,stop right before making the turn into paris las vegas to let the pedestrians cross,Dynamic Referential,parthib,./staging/parthib_submissions2 - Parthib Roy.csv,22.7
2021.06.14.16.32.09_veh-35_03129_03220,92,400,make the first left after the stopsign.,Static Referential,parthib,./staging/parthib_submissions2 - Parthib Roy.csv,30.8
2021.08.17.16.48.45_veh-43_03268_03352,9,297,"make a left turn, then a right turn, then go straight",Non-Referential,parthib,./staging/parthib_submissions2 - Parthib Roy.csv,28.8
2021.07.16.01.22.41_veh-14_04315_07102,580,1727,make a left turn at the green light and enter the leftmost lane.after passing the intersection go into the right lane. after passing the next intersection go into the right lane.,Non-Referential,parthib,./staging/parthib_submissions2 - Parthib Roy.csv,114.7
2021.07.16.00.51.05_veh-17_01938_03243,1701,2064,complete the left turn at the intersection then switch to the right lane.,Non-Referential,parthib,./staging/parthib_submissions2 - Parthib Roy.csv,36.3
2021.07.16.18.19.22_veh-35_00869_03454,998,2535,"after passing the intersection go to the right lane. at the next intersection make a right turn, switch to the left lane.after passing the stopsign, make a left turn and exit through the entrance. make a right turn at the sotpsign, and go into the left lane and into the second left turning lane.",Static Referential,parthib,./staging/parthib_submissions2 - Parthib Roy.csv,153.7
2021.10.11.07.47.13_veh-50_01513_02138,1641,2400,when the light turns green make a left turn and go straight,Static Referential,parthib,./staging/parthib_submissions2 - Parthib Roy.csv,75.9
2021.06.14.14.25.15_veh-26_03871_03953,128,334,make a left turn,Non-Referential,parthib,./staging/parthib_submissions2 - Parthib Roy.csv,20.6
2021.09.15.13.16.40_veh-28_00366_00631,181,1107,at the third stoplight make a left turn,Non-Referential,parthib,./staging/parthib_submissions2 - Parthib Roy.csv,92.6
2021.06.14.14.25.15_veh-26_01236_01585,28,902,,Non-Referential,parthib,./staging/parthib_submissions2 - Parthib Roy.csv,87.4
2021.06.14.13.28.41_veh-12_02245_02340,164,365,after passing the intersection go into the right lane,Non-Referential,parthib,./staging/parthib_submissions2 - Parthib Roy.csv,20.1
2021.06.14.13.27.42_veh-35_04793_04883,30,431,,Non-Referential,parthib,./staging/parthib_submissions2 - Parthib Roy.csv,40.1
2021.07.09.20.59.12_veh-38_01853_02043,242,880,,Non-Referential,parthib,./staging/parthib_submissions2 - Parthib Roy.csv,63.8
2021.06.14.18.33.41_veh-35_02339_02447,10,512,at the second intersection make a right turn and into the entrance of paris las vegas,Static Referential,parthib,./staging/parthib_submissions2 - Parthib Roy.csv,50.2
2021.06.09.18.23.43_veh-35_05198_05504,363,1241,keep following the orange car ahead of you. make a right lane switch at the intersection after passing jockey club. make the right turn into park mgm tram station,Both,parthib,./staging/parthib_submissions2 - Parthib Roy.csv,87.8
2021.06.14.13.27.42_veh-35_01342_01461,112,405,follow the same path as the white vehicle ahead of you,Dynamic Referential,parthib,./staging/parthib_submissions2 - Parthib Roy.csv,29.3
2021.10.01.14.20.36_veh-28_00825_00919,3,429,just go straight and as you approach the very end (next to channel center park) enter the right lane and prepare for the right turn,Static Referential,parthib,./staging/parthib_submissions2 - Parthib Roy.csv,42.6
2021.06.09.12.39.51_veh-26_02729_02878,100,680,make a right lane switch after passing the intersection and go straight,Non-Referential,parthib,./staging/parthib_submissions2 - Parthib Roy.csv,58.0
2021.07.16.18.06.21_veh-38_03733_04300,87,2430,make the right turn into paris las vegas and go to the entrance and exit out. be on the far left turning lane. make the left turn and after passing the first stoplight switch into the right lane.,Static Referential,parthib,./staging/parthib_submissions2 - Parthib Roy.csv,234.3
2021.06.14.16.48.02_veh-12_00839_00980,20,461,drive around the roundabout toward the exit. be on the far left turning lane when you approach the stoplight,Static Referential,parthib,./staging/parthib_submissions2 - Parthib Roy.csv,44.1
2021.06.09.14.03.17_veh-12_03200_03333,66,484,exit and make a right turn at the stoplight,Static Referential,parthib,./staging/parthib_submissions2 - Parthib Roy.csv,41.8
2021.10.01.19.16.42_veh-28_03307_03808,38,2390,"make a right turn when the light turns green. after passing the intersection after the bridge, switch to the left lane to avoid the grey vehicle, then go back to the same lane once you pass it. at the next intersection make a right turn when the light is green. then at the second stoplight make a right turn toward the envy hotel.",Static Referential,parthib,./staging/parthib_submissions2 - Parthib Roy.csv,235.2
2021.06.09.12.51.31_veh-35_02853_02964,241,533,"temporarily park behind the grey vehicle that is parked, allow two cars from the left to pass then remerge onto the road toward the exit",Both,parthib,./staging/parthib_submissions2 - Parthib Roy.csv,29.2
2021.07.16.18.49.56_veh-26_00256_00822,539,1070,,Non-Referential,parthib,./staging/parthib_submissions2 - Parthib Roy.csv,53.1
2021.06.14.14.03.45_veh-38_04398_04488,66,264,make a left lane switch behind the white vehicle then follow it,Dynamic Referential,parthib,./staging/parthib_submissions2 - Parthib Roy.csv,19.8
2021.07.16.18.19.22_veh-35_00255_00418,52,297,exit the luxor las vegas and make a right turn at the stopsign.,Static Referential,parthib,./staging/parthib_submissions2 - Parthib Roy.csv,24.5
2021.08.17.16.48.45_veh-43_02693_03062,447,916,"follow the same path as the truck in front of you, but make the right turn on the intersection that has goodwill on it",Both,parthib,./staging/parthib_submissions2 - Parthib Roy.csv,46.9
2021.06.09.19.40.26_veh-12_02031_02228,3,972,"make a right lane switch after passing the firs tintersection, then make the right turn at the next intersection when it is clear. switch into the left lane and make the first left turn after the stopsign.",Static Referential,parthib,./staging/parthib_submissions2 - Parthib Roy.csv,96.9
2021.09.15.14.27.22_veh-39_00868_01125,316,1084,,Non-Referential,parthib,./staging/parthib_submissions2 - Parthib Roy.csv,76.8
2021.10.06.13.21.47_veh-28_00692_00815,2,445,,Non-Referential,parthib,./staging/parthib_submissions2 - Parthib Roy.csv,44.3
2021.06.14.13.27.42_veh-35_03624_03705,116,360,go behind the white vehicle,Dynamic Referential,parthib,./staging/parthib_submissions2 - Parthib Roy.csv,24.4
2021.06.09.14.58.55_veh-35_02388_02465,75,375,complete the right turn and enter into the entrance of paris las vegas and then allow the pedestrians to cross the road,Both,parthib,./staging/parthib_submissions2 - Parthib Roy.csv,30.0
2021.09.15.13.52.55_veh-39_00016_00122,7,293,,Non-Referential,parthib,./staging/parthib_submissions2 - Parthib Roy.csv,28.6
2021.06.14.20.14.09_veh-26_00024_00237,175,728,follow the same path as the vehicle ahead of you,Dynamic Referential,parthib,./staging/parthib_submissions2 - Parthib Roy.csv,55.3
2021.07.09.01.37.16_veh-26_01336_01396,77,230,at the stopsign make a right turn,Non-Referential,parthib,./staging/parthib_submissions2 - Parthib Roy.csv,15.3
2021.06.09.17.37.09_veh-12_02082_02170,115,388,,Non-Referential,parthib,./staging/parthib_submissions2 - Parthib Roy.csv,27.3
2021.09.15.14.27.22_veh-39_01166_01252,116,309,,Non-Referential,parthib,./staging/parthib_submissions2 - Parthib Roy.csv,19.3
2021.08.17.18.54.02_veh-45_00665_01065,3,1964,"at the stopsign make a right turn, at the next stopsign (which is end of the road), make a left turn. make a right turn at the next (third) stopsign. when you approach the stoplight, make the righ tturn when the light turns green.",Static Referential,parthib,./staging/parthib_submissions2 - Parthib Roy.csv,196.1
2021.06.14.19.22.11_veh-38_03242_03907,766,2397,"make the first left after the stopsign, then exit through luxor las vegas and make the right turn at the stopsign. go into the second left lane and just go straight",Static Referential,parthib,./staging/parthib_submissions2 - Parthib Roy.csv,163.1
2021.06.09.12.39.51_veh-26_01418_01480,68,257,,Non-Referential,parthib,./staging/parthib_submissions2 - Parthib Roy.csv,18.9
2021.06.14.14.03.45_veh-38_03777_04059,363,593,,Non-Referential,parthib,./staging/parthib_submissions2 - Parthib Roy.csv,23.0
2021.06.09.19.40.26_veh-12_01525_02020,622,1979,complete the right turn when all the pedestrians have crossed the crosswalk. enter and exit paris las vegas. be in the far left lane at the stoplight. make the left turn when the light turns green.,Static Referential,parthib,./staging/parthib_submissions2 - Parthib Roy.csv,135.7
2021.06.09.17.37.09_veh-12_02239_02313,33,233,make the right turn when no pedestrians are in the crosswalk and go to the entrance,Both,parthib,./staging/parthib_submissions2 - Parthib Roy.csv,20.0
2021.08.17.18.43.12_veh-43_01023_01358,716,996,when you get to the stopsign make a right turn and follow the road,Static Referential,parthib,./staging/parthib_submissions2 - Parthib Roy.csv,28.0
2021.08.17.13.15.12_veh-45_00925_00987,3,217,make a left turn when the stoplight turns green,Static Referential,parthib,./staging/parthib_submissions2 - Parthib Roy.csv,21.4
2021.08.17.15.02.08_veh-45_00723_00823,145,442,make a left turn at the stoplight. then the next stopsign make a right turn,Static Referential,parthib,./staging/parthib_submissions2 - Parthib Roy.csv,29.7
2021.07.09.16.12.19_veh-26_02985_03053,33,206,,Non-Referential,parthib,./staging/parthib_submissions2 - Parthib Roy.csv,17.3
2021.09.15.14.27.22_veh-39_01491_01763,119,1347,"make a left turn at the stoplight. make another left turn at the next stoplight. switch into the right lane, and make a right turn when the stoplight turns green. go around the parked white vehicle and then at the stoplight make a righ tutrn when there are no cars on the left. when you get to the nextstoplight make a left turn.",Static Referential,parthib,./staging/parthib_submissions2 - Parthib Roy.csv,122.8
2021.10.01.17.52.06_veh-28_01364_01428,30,289,just keep going straight,Non-Referential,parthib,./staging/parthib_submissions2 - Parthib Roy.csv,25.9
2021.10.11.05.34.05_veh-50_00697_00766,12,333,Drop me off in front of this building.  ,Static Referential,grod,./staging/labels - Gabriel Rodriguez.csv,32.1
2021.10.11.07.47.13_veh-50_00736_00843,14,481,Turn left at the next light and then turn left again right away. ,Static Referential,grod,./staging/labels - Gabriel Rodriguez.csv,46.7
2021.10.11.05.34.05_veh-50_00020_00149,107,611,At the next interesection make a right. ,Static Referential,grod,./staging/labels - Gabriel Rodriguez.csv,50.4
2021.10.11.02.57.41_veh-50_02428_02548,89,565,Go left at this red light and then get in your right turn lane. ,Static Referential,grod,./staging/labels - Gabriel Rodriguez.csv,47.6
2021.10.11.05.34.05_veh-50_00838_00947,154,523,Turn right at this light. ,Static Referential,grod,./staging/labels - Gabriel Rodriguez.csv,36.9
2021.10.11.08.31.07_veh-50_02146_02283,230,656,,Non-Referential,grod,./staging/labels - Gabriel Rodriguez.csv,42.6
2021.10.11.02.57.41_veh-50_00029_00134,5,432,Turn left at this intersection and keep going. ,Static Referential,grod,./staging/labels - Gabriel Rodriguez.csv,42.7
2021.10.11.07.12.18_veh-50_00541_00832,366,1375,Make a left at this next light and pull into Fusionoplos one. Then pull up to the front of Hoodadak. ,Static Referential,grod,./staging/labels - Gabriel Rodriguez.csv,100.9
2021.10.11.08.31.07_veh-50_02146_02283,145,597,,Non-Referential,grod,./staging/labels - Gabriel Rodriguez.csv,45.2
2021.10.11.08.31.07_veh-50_01750_01948,50,656,Turn right at the next intersection and then left towards yoda fountain. ,Static Referential,grod,./staging/labels - Gabriel Rodriguez.csv,60.6
2021.10.11.02.57.41_veh-50_02155_02265,115,329,,Non-Referential,grod,./staging/labels - Gabriel Rodriguez.csv,21.4
2021.10.11.08.31.07_veh-50_00005_00242,568,1013,Go past the light and then pull in to the drop off zone on the left. ,Static Referential,grod,./staging/labels - Gabriel Rodriguez.csv,44.5
2021.10.11.02.57.41_veh-50_01028_01289,354,833,"Turn right at this intersection, go past the light, and pull in to the first drop off zone on the left. ",Static Referential,grod,./staging/labels - Gabriel Rodriguez.csv,47.9
2021.10.11.08.31.07_veh-50_02146_02283,62,584,,Non-Referential,grod,./staging/labels - Gabriel Rodriguez.csv,52.2
2021.10.11.07.47.13_veh-50_00736_00843,155,445,Make a left at this left and then another left. ,Static Referential,grod,./staging/labels - Gabriel Rodriguez.csv,29.0
2021.10.11.07.47.13_veh-50_00080_00159,17,364,,Non-Referential,grod,./staging/labels - Gabriel Rodriguez.csv,34.7
2021.10.11.07.47.13_veh-50_00202_00310,63,491,"Make a left at this light, left at the next light, and then pull into the first street on the left. ",Static Referential,grod,./staging/labels - Gabriel Rodriguez.csv,42.8
2021.10.11.05.34.05_veh-50_00568_00631,3,289,Head towards the cul de sac at the end of this street. ,Static Referential,grod,./staging/labels - Gabriel Rodriguez.csv,28.6
2021.10.11.05.34.05_veh-50_00442_00556,239,500,,Non-Referential,grod,./staging/labels - Gabriel Rodriguez.csv,26.1
2021.10.11.02.57.41_veh-50_02318_02417,66,407,Make a left and drop me off at the end. ,Non-Referential,grod,./staging/labels - Gabriel Rodriguez.csv,34.1
2021.10.11.08.31.07_veh-50_01001_01076,15,291,Make a left at this next intersection and drop me off at the building on the end. ,Static Referential,grod,./staging/labels - Gabriel Rodriguez.csv,27.6
2021.10.11.05.34.05_veh-50_00697_00766,51,296,Drop me off at the last building. ,Static Referential,grod,./staging/labels - Gabriel Rodriguez.csv,24.5
2021.10.11.05.34.05_veh-50_00568_00631,107,260,Head towards the cul de sac at the end of this street. ,Static Referential,grod,./staging/labels - Gabriel Rodriguez.csv,15.3
2021.10.06.17.43.07_veh-28_01354_01536,754,904,Turn right at the crosswalk after the pedestrian crosses,Non-Referential,jeremykemmerer,./staging/labels - Jeremy K.csv,15.0
2021.09.15.14.27.22_veh-39_00756_00838,198,374,,Non-Referential,jeremykemmerer,./staging/labels - Jeremy K.csv,17.6
2021.09.15.15.34.53_veh-28_00365_00501,232,447,Turn left at the flashing lights,Non-Referential,jeremykemmerer,./staging/labels - Jeremy K.csv,21.5
2021.10.06.18.52.07_veh-28_01297_01462,77,685,Stop before the crosswalk and wait for the pedestrians,Non-Referential,jeremykemmerer,./staging/labels - Jeremy K.csv,60.8
2021.09.15.14.27.22_veh-39_00665_00745,238,392,,Non-Referential,jeremykemmerer,./staging/labels - Jeremy K.csv,15.4
2021.09.15.14.50.05_veh-28_02133_02222,135,315,,Non-Referential,jeremykemmerer,./staging/labels - Jeremy K.csv,18.0
2021.09.15.13.12.49_veh-39_01532_01687,74,609,Turn left at the end of the road,Static Referential,jeremykemmerer,./staging/labels - Jeremy K.csv,53.5
2021.10.06.17.08.46_veh-28_00498_00621,274,448,,Non-Referential,jeremykemmerer,./staging/labels - Jeremy K.csv,17.4
2021.09.15.13.52.55_veh-39_00134_00215,174,376,"Wait for the truck to get out of the way, then pass it on the left",Dynamic Referential,jeremykemmerer,./staging/labels - Jeremy K.csv,20.2
2021.09.15.12.32.43_veh-28_00015_00093,41,303,Stay in the middle lane,Non-Referential,jeremykemmerer,./staging/labels - Jeremy K.csv,26.2
2021.09.15.12.32.43_veh-28_00015_00093,195,378,,Non-Referential,jeremykemmerer,./staging/labels - Jeremy K.csv,18.3
2021.09.15.16.51.15_veh-28_01698_01775,30,217,,Non-Referential,jeremykemmerer,./staging/labels - Jeremy K.csv,18.7
2021.09.15.15.34.53_veh-28_00030_00128,32,326,Turn right at the flag,Non-Referential,jeremykemmerer,./staging/labels - Jeremy K.csv,29.4
2021.09.15.13.52.55_veh-39_01385_01446,64,291,Speed up ,Non-Referential,jeremykemmerer,./staging/labels - Jeremy K.csv,22.7
2021.09.15.14.27.22_veh-39_00665_00745,77,342,,Non-Referential,jeremykemmerer,./staging/labels - Jeremy K.csv,26.5
2021.10.01.19.16.42_veh-28_00094_00216,392,547,,Non-Referential,jeremykemmerer,./staging/labels - Jeremy K.csv,15.5
2021.09.15.14.00.15_veh-28_00420_00578,46,409,,Non-Referential,jeremykemmerer,./staging/labels - Jeremy K.csv,36.3
2021.09.15.11.49.23_veh-28_01108_01493,257,920,Follow the car in front of us,Dynamic Referential,jeremykemmerer,./staging/labels - Jeremy K.csv,66.3
2021.09.15.14.27.22_veh-39_00665_00745,241,392,,Non-Referential,jeremykemmerer,./staging/labels - Jeremy K.csv,15.1
2021.10.06.13.21.47_veh-28_00262_00334,168,352,,Non-Referential,jeremykemmerer,./staging/labels - Jeremy K.csv,18.4
2021.10.06.14.31.13_veh-28_00738_00908,53,610,Go into the left lane at the light,Static Referential,jeremykemmerer,./staging/labels - Jeremy K.csv,55.7
2021.09.15.13.16.40_veh-28_00642_01267,1526,2468,,Non-Referential,jeremykemmerer,./staging/labels - Jeremy K.csv,94.2
2021.10.01.17.52.06_veh-28_00450_00599,477,728,Turn right once the black car gets out of the way,Dynamic Referential,jeremykemmerer,./staging/labels - Jeremy K.csv,25.1
2021.10.01.19.16.42_veh-28_02447_02517,143,307,,Non-Referential,jeremykemmerer,./staging/labels - Jeremy K.csv,16.4
2021.09.15.16.17.26_veh-28_01370_01439,95,264,,Non-Referential,jeremykemmerer,./staging/labels - Jeremy K.csv,16.9
2021.10.01.17.52.06_veh-28_01364_01428,117,311,,Non-Referential,jeremykemmerer,./staging/labels - Jeremy K.csv,19.4
2021.09.15.12.32.43_veh-28_01410_01501,117,311,,Non-Referential,jeremykemmerer,./staging/labels - Jeremy K.csv,19.4
2021.09.15.14.00.15_veh-28_01953_02255,139,844,Turn right back onto the main road,Non-Referential,jeremykemmerer,./staging/labels - Jeremy K.csv,70.5
2021.09.15.13.16.40_veh-28_01817_01902,93,412,"Wait for the truck to move, then pass between the two vehicles ahead",Non-Referential,jeremykemmerer,./staging/labels - Jeremy K.csv,31.9
2021.09.15.16.17.26_veh-28_01370_01439,136,313,,Non-Referential,jeremykemmerer,./staging/labels - Jeremy K.csv,17.7
2021.10.06.17.43.07_veh-28_00508_00877,328,1669,Turn left at the light,Static Referential,jeremykemmerer,./staging/labels - Jeremy K.csv,134.1
2021.09.15.14.50.05_veh-28_02133_02222,215,432,Turn left into the road the black truck came out of,Dynamic Referential,jeremykemmerer,./staging/labels - Jeremy K.csv,21.7
2021.09.15.14.27.22_veh-39_01491_01763,1031,1340,Turn left at the corner of the park,Non-Referential,jeremykemmerer,./staging/labels - Jeremy K.csv,30.9
2021.10.06.14.31.13_veh-28_00014_00079,34,205,Turn right at the stop sign,Static Referential,jeremykemmerer,./staging/labels - Jeremy K.csv,17.1
2021.10.06.19.27.33_veh-28_00805_01736,747,2247,"Turn right at the light, then get into the left lane",Non-Referential,jeremykemmerer,./staging/labels - Jeremy K.csv,150.0
2021.09.15.12.32.43_veh-28_02111_02342,641,960,Stop by the pedestrians,Dynamic Referential,jeremykemmerer,./staging/labels - Jeremy K.csv,31.9
2021.06.14.13.27.42_veh-35_00353_00531,567,853,slow down as the vehicle infront has came to a stop and continue forward,Dynamic Referential,giovanni,./staging/labels - Jose Tapia.csv,28.6
2021.07.09.01.37.16_veh-26_04675_04767,210,407,Switch to the left lane and come to a stop for the pedestrians at the cross walk and continue aftward and stop once again for the red traffic light,Both,giovanni,./staging/labels - Jose Tapia.csv,19.7
2021.10.11.02.57.41_veh-50_00704_00776,74,335,,Non-Referential,giovanni,./staging/labels - Jose Tapia.csv,26.1
2021.09.15.15.34.53_veh-28_01303_01395,185,354,Turn slightly to the left onto the opposite lane to avoid hitting the vehicle and merge back into in original lane and slow down as the vehicle infront is going to turn.,Both,giovanni,./staging/labels - Jose Tapia.csv,16.9
2021.06.14.17.26.26_veh-38_01177_01256,177,388,Wait for the on coming vehicles to finish crossing and take a right turn at the traffic light and continue going straight afterwards.,Static Referential,giovanni,./staging/labels - Jose Tapia.csv,21.1
2021.06.23.21.56.29_veh-35_02412_03161,383,1954,"Take a slight left to avoid hitting the vehicle, then merge into the right lane and wait for the red traffic light to turn green. Then come to a slight stop, as there is a stationary vehicle, and proceed to speed up, switch lanes to the right, and turn right at the pedestrian crosswalk into a hotel area.",Both,giovanni,./staging/labels - Jose Tapia.csv,157.1
2021.10.06.14.31.13_veh-28_01277_01377,154,383,,Non-Referential,giovanni,./staging/labels - Jose Tapia.csv,22.9
2021.08.17.17.55.18_veh-43_00016_00083,31,306,Turn right once the traffic light turns green and procceed to continue straight ,Static Referential,giovanni,./staging/labels - Jose Tapia.csv,27.5
2021.09.15.14.50.05_veh-28_01392_01458,141,303,,Non-Referential,giovanni,./staging/labels - Jose Tapia.csv,16.2
2021.07.09.01.37.16_veh-26_00936_00996,109,280,,Non-Referential,giovanni,./staging/labels - Jose Tapia.csv,17.1
2021.08.17.18.44.32_veh-08_00586_00848,881,1126,Take a right at the traffic sign and switch to the left lane to turn left at the traffic light,Static Referential,giovanni,./staging/labels - Jose Tapia.csv,24.5
2021.06.09.17.37.09_veh-12_03219_03372,94,622,"Turn right at the upcoming crosswalk, then pull into a taxi lane, stop, and look for oncoming vehicles before exiting. Then stop for pedestrians crossing the road.",Both,giovanni,./staging/labels - Jose Tapia.csv,52.8
2021.09.15.14.50.05_veh-28_00389_00508,330,533,"Get prepared to stop for the traffic light which is red, and come to a slight pause before make a left turn.",Both,giovanni,./staging/labels - Jose Tapia.csv,20.3
2021.06.09.17.23.18_veh-38_02450_02515,53,208,,Non-Referential,giovanni,./staging/labels - Jose Tapia.csv,15.5
2021.10.11.05.34.05_veh-50_01718_02261,269,2019,"Make a left turn at the traffic light and continue straight until you reach a visible street sign, then turn left again. Come to a stop at the intersection and, once the light turns green, proceed while checking for oncoming vehicles. Make another left at the next intersection, then pull into a building area and stop. Exit and prepare to make another left turn, then turn left at the next street sign. Slow down and wait for the traffic light to turn green before proceeding straight. Finally, make a left at the first upcoming turn, continue straight, and take a slight left to come to a stop in front of a building.",Both,giovanni,./staging/labels - Jose Tapia.csv,175.0
2021.06.09.17.37.09_veh-12_02239_02313,73,295,Take a left at the crosswalk and procced straight and slow down once you see black vehicle to prepare to make a stop.  ,Static Referential,giovanni,./staging/labels - Jose Tapia.csv,22.2
2021.06.14.14.03.45_veh-38_03777_04059,1015,1304,"Slow down for the vehicle coming on the rightside, then merge into the right lane, stop, and look for oncoming vehicles before exiting. ",Both,giovanni,./staging/labels - Jose Tapia.csv,28.9
2021.06.14.13.28.41_veh-12_01313_01541,340,975,"Both: Go past the traffic light and proceed straight. Slow down and wait for pedestrians to finish crossing before making a right turn. Then proceed straight, stop, and wait for the white vehicle in front to move before continuing. Merge into the left lane and take a right turn.",Both,giovanni,./staging/labels - Jose Tapia.csv,63.5
2021.05.12.19.36.12_veh-35_01179_01278,299,454,Go past the traffic light and continue going straight.,Non-Referential,giovanni,./staging/labels - Jose Tapia.csv,15.5
2021.06.14.11.44.56_veh-35_05211_05338,183,479,"Go past the traffic light and continue. Merge into the right lane and proceed straight. Prepare to merge further right and come to a stop, as the traffic light is red.",Both,giovanni,./staging/labels - Jose Tapia.csv,29.6
2021.06.14.18.13.35_veh-26_02724_02920,770,943,,Non-Referential,giovanni,./staging/labels - Jose Tapia.csv,17.3
2021.06.14.14.03.45_veh-38_00088_00769,336,2436,"Turn left and merge into the right lane, then proceed straight. Prepare to stop, and proceed once the traffic light turns green. After passing two traffic lights, prepare to merge further to the right. Make a brief stop, then proceed and make a right turn at a crosswalk. Stop and let oncoming traffic pass before proceeding. Stop again, then merge into the left lane to pass the stationary vehicle and proceed. Finally, stop and make a right turn.",Both,giovanni,./staging/labels - Jose Tapia.csv,210.0
2021.10.11.08.31.07_veh-50_01750_01948,434,872,Stop at the traffic light and proceed forward. Take a slight right to avoid hitting the parked vehicle on the left side. Merge into the left lane and slowly come to a stop for pedestrians crossing. Then immediately turn left and proceed forward.,Both,giovanni,./staging/labels - Jose Tapia.csv,43.8
2021.06.09.12.51.31_veh-35_01047_01415,685,1049,"Wait for the vehicle on the left before turning left and proceeding to exit. At the stop sign, wait for oncoming traffic to pass, then turn right.",Both,giovanni,./staging/labels - Jose Tapia.csv,36.4
2021.07.09.20.26.06_veh-35_03898_05974,1205,1686,Wait for the traffic light to turn green and procced forward. ,Static Referential,giovanni,./staging/labels - Jose Tapia.csv,48.1
2021.06.14.14.25.15_veh-26_02376_02575,481,817,,Non-Referential,giovanni,./staging/labels - Jose Tapia.csv,33.6
2021.06.14.16.48.02_veh-12_00585_00672,24,195,,Non-Referential,giovanni,./staging/labels - Jose Tapia.csv,17.1
2021.06.14.19.22.11_veh-38_00572_00648,42,231,"Come to a stop. Wait for oncoming traffic, then merge into the left lane and turn right.",Static Referential,giovanni,./staging/labels - Jose Tapia.csv,18.9
2021.06.09.12.51.31_veh-35_01587_01718,61,494,Pass two green traffic lights and continue going straight.,Static Referential,giovanni,./staging/labels - Jose Tapia.csv,43.3
2021.10.06.13.21.47_veh-28_00692_00815,408,592,,Non-Referential,giovanni,./staging/labels - Jose Tapia.csv,18.4
2021.09.15.14.27.22_veh-39_00473_00568,314,468,Make a slight stop for the vehicle ahead and procced afterwords.,Non-Referential,giovanni,./staging/labels - Jose Tapia.csv,15.4
2021.06.14.18.13.35_veh-26_05600_05660,124,278,"Merge into the right lane, and turn right at the crosswalk.",Both,giovanni,./staging/labels - Jose Tapia.csv,15.4
2021.07.16.16.01.30_veh-38_05274_05744,1451,2303,"Pass the green traffic light and merge into the right lane. Stop, then merge further to the right. Slowly turn right to avoid hitting the vehicle in front. Stop, then proceed and merge into the left lane. Stop at the stop sign and proceed straight. Slow down for the speed bump and wait for oncoming traffic to pass before turning left into a building.",Both,giovanni,./staging/labels - Jose Tapia.csv,85.2
2021.10.11.07.47.13_veh-50_00080_00159,22,360, Stop at the traffic and procced once its green. Stop at the upcoming traffic lights and procced forward once green.,Static Referential,giovanni,./staging/labels - Jose Tapia.csv,33.8
2021.06.09.14.58.55_veh-35_01785_01883,89,280,,Non-Referential,giovanni,./staging/labels - Jose Tapia.csv,19.1
2021.06.14.17.26.26_veh-38_04403_04533,95,283,Wait for the vehicle and pedestrian before turning right,Dynamic Referential,giovanni,./staging/labels - Jose Tapia.csv,18.8
2021.06.09.17.23.18_veh-38_05423_05550,392,596,,Non-Referential,giovanni,./staging/labels - Jose Tapia.csv,20.4
2021.07.16.16.01.30_veh-38_02497_03871,2248,2418,,Non-Referential,giovanni,./staging/labels - Jose Tapia.csv,17.0
2021.09.15.13.16.40_veh-28_00366_00631,169,938,"Wait for the traffic light to turn green, then proceed. Take a slight left to avoid and pass the unloading trailers. Prepare to slow down, as the traffic light is red, and proceed once it turns green. Slow down and wait for oncoming traffic to pass before making a left turn.",Both,giovanni,./staging/labels - Jose Tapia.csv,76.9
2021.05.12.19.36.12_veh-35_01179_01278,189,445,,Non-Referential,giovanni,./staging/labels - Jose Tapia.csv,25.6
2021.09.15.16.51.15_veh-28_00357_00430,66,220,,Non-Referential,giovanni,./staging/labels - Jose Tapia.csv,15.4
2021.06.09.12.39.51_veh-26_02338_02459,157,398,"After the traffic light, merge into the right lane and prepare to stop for the red light",Both,giovanni,./staging/labels - Jose Tapia.csv,24.1
2021.08.17.13.15.12_veh-45_01517_01668,362,708,Stop at the stop sign and turn left. Slow down and prepare to stop at the red traffic light.,Both,giovanni,./staging/labels - Jose Tapia.csv,34.6
2021.06.14.14.25.15_veh-26_03592_03664,37,201,,Non-Referential,giovanni,./staging/labels - Jose Tapia.csv,16.4
2021.10.11.07.12.18_veh-50_00211_00304,83,354,,Non-Referential,giovanni,./staging/labels - Jose Tapia.csv,27.1
2021.06.14.17.26.26_veh-38_01078_01166,109,351,"Slow down, come to a slight stop, and proceed. Merge into the left lane and proceed.",Dynamic Referential,giovanni,./staging/labels - Jose Tapia.csv,24.2
2021.08.17.14.32.33_veh-08_01072_01231,80,635,"Slow down and prepare to stop. Proceed when the light turns green, then turn right and continue straight.",Both,giovanni,./staging/labels - Jose Tapia.csv,55.5
2021.10.06.14.31.13_veh-28_00738_00908,237,708,"Stop at the red traffic light, then proceed once it turns green and continue forward. Take a slight left to avoid hitting the van, then return to the original lane and proceed. Take another slight left to avoid the construction site.",Both,giovanni,./staging/labels - Jose Tapia.csv,47.1
2021.10.06.13.21.47_veh-28_00441_00515,172,332,,Non-Referential,giovanni,./staging/labels - Jose Tapia.csv,16.0
2021.06.23.16.54.19_veh-35_03299_03425,440,601,,Non-Referential,giovanni,./staging/labels - Jose Tapia.csv,16.1
2021.08.17.17.17.01_veh-45_00207_00594,515,1001,"Take a right turn at the crosswalk and proceed forward. Prepare to stop at the stop sign, then proceed with a slight left to avoid hitting the van and merge back into the original lane. Pull over to the side of the curb and come to a stop. Remain stationary and look for oncoming traffic before proceeding.",Both,giovanni,./staging/labels - Jose Tapia.csv,48.6
2021.10.06.18.52.07_veh-28_01072_01157,153,386,,Non-Referential,giovanni,./staging/labels - Jose Tapia.csv,23.3
2021.09.15.14.50.05_veh-28_00083_00152,22,279,"Make a Stop at the stop sign,  look for oncoming traffic and procced to take a left turn.",Both,giovanni,./staging/labels - Jose Tapia.csv,25.7
2021.06.23.16.54.19_veh-35_01603_03271,1849,2393,"Once the traffic light turns green, proceed straight and merge into the right lane. Continue straight, then merge further right and prepare to slow down. Look for oncoming traffic before making a right turn. Make a slight stop outside a building before proceeding.",Both,giovanni,./staging/labels - Jose Tapia.csv,54.4
2021.06.23.16.54.19_veh-35_03705_04009,35,578,Prepare to stop at the red traffic light and procced once it turns green. Make a stop and wait for oncoming traffic before merging into the left lane and procceding. Merge back into original lane. make a stop at the red traffic light.,Both,giovanni,./staging/labels - Jose Tapia.csv,54.3
2021.06.23.21.56.29_veh-35_01603_02401,101,912,Slow down to prepare to make a stop to avoid hitting the vehicle from behind. Procced going forward.,Ambiguous,giovanni,./staging/labels - Jose Tapia.csv,81.1
2021.06.23.20.00.35_veh-35_00130_00949,1371,1916,"Make a left turn at the BALMAIN building. At the traffic lights, turn left and proceed forward. Stop at the red traffic light.",Both,giovanni,./staging/labels - Jose Tapia.csv,54.5
2021.09.15.14.50.05_veh-28_00083_00152,10,202,Make a stop and look for oncoming traffic before making a left turn and procced going straight. ,Both,giovanni,./staging/labels - Jose Tapia.csv,19.2
2021.06.23.22.05.48_veh-16_00287_00591,334,879,"Prepare to stop at the red traffic light. Proceed straight, then slow down and come to a stop.",Static Referential,giovanni,./staging/labels - Jose Tapia.csv,54.5
2021.08.17.15.02.08_veh-45_00167_00480,1049,1519,Stop at the stop sign and turn left. Stop again to wait for oncoming traffic and pedestrians before making a right turn.,Both,giovanni,./staging/labels - Jose Tapia.csv,47.0
2021.10.06.17.08.46_veh-28_00016_00116,38,398,Switch to the left lane. prepare to make a stop at the stop sign by the crosswalk.,Static Referential,giovanni,./staging/labels - Jose Tapia.csv,36.0
2021.08.17.16.48.45_veh-43_01060_01405,645,1235,Make a right turn at the traffic lights. Turn left at the upcoming intersection at the traffic lights once again and procced straight. Stop at the intersection with red traffic lights. procced going straight once it turns green. ,Both,giovanni,./staging/labels - Jose Tapia.csv,59.0
2021.07.16.00.24.14_veh-38_01165_01425,491,1142,Merge one lane to the right side and procced to go straight. slow down to make a slight stop at the traffic light before procceding.,Both,giovanni,./staging/labels - Jose Tapia.csv,65.1
2021.06.23.20.00.35_veh-35_00130_00949,1876,2338,,Non-Referential,giovanni,./staging/labels - Jose Tapia.csv,46.2
2021.09.15.14.00.15_veh-28_00770_00852,253,404,Make a stop and look for oncoming traffic before turning left. ,Dynamic Referential,giovanni,./staging/labels - Jose Tapia.csv,15.1
2021.10.06.17.43.07_veh-28_00933_01014,85,293,,Non-Referential,giovanni,./staging/labels - Jose Tapia.csv,20.8
2021.06.14.14.03.45_veh-38_01369_01458,161,415,Stop at the intersection with the red traffic light. ,Static Referential,giovanni,./staging/labels - Jose Tapia.csv,25.4
2021.06.09.14.50.36_veh-26_01698_01771,149,299,"Switch to the left lane and proceed straight. Slow down at the crosswalk before proceeding, then stop at the intersection with a red traffic light.",Both,giovanni,./staging/labels - Jose Tapia.csv,15.0
2021.05.12.22.00.38_veh-35_01008_01518,1755,2075,Prepare to make a stop behind a vehicle at the red traffic light.,Static Referential,giovanni,./staging/labels - Jose Tapia.csv,32.0
2021.06.14.17.26.26_veh-38_03162_03227,17,199,Wait for pedestrian to finish cross at the crosswalk and turn right and continue going straight. Turn left at the Diamond Seven Star Taxi & Limos.,Both,giovanni,./staging/labels - Jose Tapia.csv,18.2
2021.10.01.19.16.42_veh-28_03307_03808,954,1930,"Turn right at the intersection when the traffic light turns green. Briefly stop for oncoming traffic and pedestrians before completing the right turn, then continue straight. Stop, then turn right at the crosswalk. Stop again at the intersection, as the traffic light is red.",Both,giovanni,./staging/labels - Jose Tapia.csv,97.6
2021.08.17.18.43.12_veh-43_01390_01589,650,953,"Stop at the stop sign and turn right. Briefly stop at the curbside and proceed when there is no oncoming traffic. At the green traffic light, turn right. Stop.",Both,giovanni,./staging/labels - Jose Tapia.csv,30.3
2021.06.23.17.31.36_veh-16_01617_01791,223,645,,Non-Referential,giovanni,./staging/labels - Jose Tapia.csv,42.2
2021.10.06.13.21.47_veh-28_00692_00815,0,396,Prepare to stop behind the vehicle at the red intersection and procced straight once it turns green. Slow down to make another stop behind a another vehicle during a red light.,Static Referential,giovanni,./staging/labels - Jose Tapia.csv,39.6
2021.06.23.14.06.20_veh-26_00020_01142,253,2328,"Stop at the intersection at a red traffic light. Turn left at the intersection and proceed straight. Stop at the next intersection at a red traffic light. Then stop at the upcoming intersection and continue straight. Once again, stop at another intersection at a red traffic light.",Both,giovanni,./staging/labels - Jose Tapia.csv,207.5
2021.08.17.17.17.01_veh-45_01443_01678,581,1162," Prepare to make a stop at the stop sign, make a right turn. Stop at an upcoming intersection and look for oncoming traffic before procceding. Stop at an upcoming red traffic, turn right and procced forward. Turn into the left turn lane.",Both,giovanni,./staging/labels - Jose Tapia.csv,58.1
2021.08.17.13.15.12_veh-45_00819_00884,162,315,Stop at an upcoming stop sign and turn left. ,Static Referential,giovanni,./staging/labels - Jose Tapia.csv,15.3
2021.09.15.11.49.23_veh-28_01108_01493,109,392,Merge into the right lane and stop behind the vehicle at the red light.,Both,giovanni,./staging/labels - Jose Tapia.csv,28.3
2021.10.06.19.27.33_veh-28_00016_00079,140,295,,Non-Referential,giovanni,./staging/labels - Jose Tapia.csv,15.5
2021.06.14.14.03.45_veh-38_03777_04059,544,1067,Wait for pedestrians to cross before making a right turn at the crosswalk.,Dynamic Referential,giovanni,./staging/labels - Jose Tapia.csv,52.3
2021.06.09.17.37.09_veh-12_03003_03121,124,428,,Non-Referential,giovanni,./staging/labels - Jose Tapia.csv,30.4
2021.06.09.14.58.55_veh-35_04047_04349,272,909,Slow down to get behind another vehicle to merge into the right lane. Stop at the red light. ,Both,giovanni,./staging/labels - Jose Tapia.csv,63.7
2021.05.12.23.36.44_veh-35_01735_01957,538,717,Stop behind a vehicle at the red light. Turn right.,Both,giovanni,./staging/labels - Jose Tapia.csv,17.9
2021.06.23.14.54.32_veh-16_00421_00625,679,858,,Non-Referential,giovanni,./staging/labels - Jose Tapia.csv,17.9
2021.06.14.16.48.02_veh-12_00839_00980,159,396,Briefly stop and look for oncoming traffic before merging into the left lane and proceeding straight.,Dynamic Referential,giovanni,./staging/labels - Jose Tapia.csv,23.7
2021.06.14.16.48.02_veh-12_00585_00672,3,359,Slow down behind the vehicle and proceed forward slowly.,Ambiguous,giovanni,./staging/labels - Jose Tapia.csv,35.6
2021.10.01.13.28.54_veh-28_00995_01087,252,407,Wait for pedestrians crossing the crosswalk before making a right turn. ,Dynamic Referential,giovanni,./staging/labels - Jose Tapia.csv,15.5
2021.06.14.13.28.41_veh-12_05269_05369,243,465,Stop at the red light.,Static Referential,giovanni,./staging/labels - Jose Tapia.csv,22.2
2021.06.14.18.42.45_veh-12_00364_00501,244,433,,Non-Referential,giovanni,./staging/labels - Jose Tapia.csv,18.9
2021.08.17.18.54.02_veh-45_00511_00579,53,273,Go straight at the green light. Stop at the stop sign and wait for oncoming traffic before turning left.,Non-Referential,giovanni,./staging/labels - Jose Tapia.csv,22.0
2021.06.14.18.13.35_veh-26_04721_04800,205,360,Turn left at the green light and procced going straight.,Static Referential,giovanni,./staging/labels - Jose Tapia.csv,15.5
2021.10.01.17.52.06_veh-28_00675_00737,45,210,Turn right at the traffic light.,Dynamic Referential,giovanni,./staging/labels - Jose Tapia.csv,16.5
2021.06.23.14.58.13_veh-35_02037_04783,1364,1848,Stop behind a vehicle at the red light. ,Static Referential,giovanni,./staging/labels - Jose Tapia.csv,48.4
2021.06.09.11.54.15_veh-12_01403_01526,429,588,Slow down for the speed bump and merge into the left lane. Stop at the stop sign.,Static Referential,giovanni,./staging/labels - Jose Tapia.csv,15.9
2021.06.09.19.40.26_veh-12_00279_01212,928,1343,Merge into the right lane. Begin to slow down to avoid hitting the vehicle in front. Prepare to make a right turn at the crosswalk.,Both,giovanni,./staging/labels - Jose Tapia.csv,41.5
2021.06.09.11.54.15_veh-12_01902_02277,697,1342,"Stop at the red light and prepare to make a left turn. Turn left, Stop.",Both,giovanni,./staging/labels - Jose Tapia.csv,64.5
2021.10.11.07.12.18_veh-50_00866_01534,879,1127,Merge into the left lane. Turn left at the upcoming turn. Take another left turn and proceed straight.,Dynamic Referential,giovanni,./staging/labels - Jose Tapia.csv,24.8
2021.10.01.17.52.06_veh-28_01441_01573,499,650,Merge into the left lane. Slow down to let the bicyclist go ahead. Reduce speed to avoid hitting the vehicle and bicyclist in front.,Both,giovanni,./staging/labels - Jose Tapia.csv,15.1
2021.07.09.17.06.37_veh-35_05026_05593,183,2072,"Briefly stop on the right side. Merge into the left lane and proceed straight. Stop at the red light and prepare to turn left. Turn left, then prepare to stop behind another vehicle at the red light. Proceed straight. Slow down to merge into the right lane behind the white vehicle. Stop, then proceed. Slow down again and let another vehicle pass before merging behind it in the right lane. Briefly stop, then proceed. Merge into the right lane once again.",Both,giovanni,./staging/labels - Jose Tapia.csv,188.9
2021.10.06.13.21.47_veh-28_01127_01187,59,245,Stop at the stop sign and let pedestrian and oncoming traffic pass to prepare for a right turn.,Non-Referential,giovanni,./staging/labels - Jose Tapia.csv,18.6
2021.06.14.17.26.26_veh-38_04544_04920,127,692,Turn left. Prepare to stop behind a vehicle at a red light. Procced. Follow the white vehicle and prepare to stop at the upcoming red light.,Both,giovanni,./staging/labels - Jose Tapia.csv,56.5
2021.10.01.17.52.06_veh-28_01141_01264,128,517,Stop at the stop sign and prepare to turn left. Turn left and proceed forward. Prepare to stop at the upcoming intersection and make a right turn.,Both,giovanni,./staging/labels - Jose Tapia.csv,38.9
2021.06.09.17.37.09_veh-12_01386_01454,12,229,"Start slowing down, come to a stop and let the pedestrians cross during the red light.",Static Referential,giovanni,./staging/labels - Jose Tapia.csv,21.7
2021.06.14.13.27.42_veh-35_00353_00531,294,478,Follow the white vehicle as it merges into the right lane and proceed forward.,Dynamic Referential,giovanni,./staging/labels - Jose Tapia.csv,18.4
2021.06.09.12.39.51_veh-26_03733_03918,484,774,,Non-Referential,giovanni,./staging/labels - Jose Tapia.csv,29.0
2021.08.17.13.15.12_veh-45_02124_02293,73,599,"Take a slight left into the left lane to avoid hitting the delivery truck, merge back into original lane. Stop at the stop sign and turn left. At the next stop sign make another stop and turn right.",Both,giovanni,./staging/labels - Jose Tapia.csv,52.6
2021.06.14.14.25.15_veh-26_04542_04617,124,320,ove into the right lane. Come to a slow stop to avoid hitting the red vehicle during the red light. ,Both,giovanni,./staging/labels - Jose Tapia.csv,19.6
2021.06.09.17.37.09_veh-12_03420_03578,598,776,Stop at the red light.,Static Referential,giovanni,./staging/labels - Jose Tapia.csv,17.8
2021.05.12.23.36.44_veh-35_00515_00701,422,844,Wait for people crossing before making a right turn. Briefly stop outside a building and look for oncoming vehicles before proceeding.,Both,giovanni,./staging/labels - Jose Tapia.csv,42.2
2021.06.09.14.03.17_veh-12_03344_03461,329,493,Turn left at the intersection.,Static Referential,giovanni,./staging/labels - Jose Tapia.csv,16.4
2021.08.17.18.54.02_veh-45_01261_02086,941,2175,Turn left at the intersection. Briefly stop at the curb and look for oncoming traffic before proceeding. Stop at the stop sign and proceed. Stop at the next stop sign and turn right. Make another stop at the upcoming stop sign and proceed forward. Stop at the red light.,Both,giovanni,./staging/labels - Jose Tapia.csv,123.4
2021.08.17.15.02.08_veh-45_02111_02303,224,926, Briefly stop at the curb and look for oncoming traffic. Stop at the stop sign and turn right. Stop at the next stop sign and turn left. At the upcoming stop sign make a stop and procced straight. Turn left at the traffic light.,Both,giovanni,./staging/labels - Jose Tapia.csv,70.2
2021.06.09.14.50.36_veh-26_02826_02955,131,351,,Non-Referential,giovanni,./staging/labels - Jose Tapia.csv,22.0
2021.06.09.14.58.55_veh-35_00193_01084,1779,2429,Briefly come to a stop behind the white vehicle and procced. Slow down to get beind the black vehicle and merge into the right lane. ,Dynamic Referential,giovanni,./staging/labels - Jose Tapia.csv,65.0
2021.08.17.18.54.02_veh-45_02105_02189,235,414,Turn right at the traffic light.,Static Referential,giovanni,./staging/labels - Jose Tapia.csv,17.9
2021.09.15.14.27.22_veh-39_00580_00654,39,264, Stay behind the trailer. Stop at the stop sign and turn left.,Both,giovanni,./staging/labels - Jose Tapia.csv,22.5
2021.06.09.14.58.55_veh-35_01095_01484,642,1256, Briefly stop. let the people finish crossing before turning right. make a left turn. briefly stop and look for oncoming traffic.,Non-Referential,giovanni,./staging/labels - Jose Tapia.csv,61.4
2021.09.15.15.34.53_veh-28_01639_01805,355,782, Look for oncoming traffic before passing the vehicle in front and merging into the right lane and procced. Briefly stop. Merge into the left lane. Stop at the red light. Turn left at the traffic light.,Non-Referential,giovanni,./staging/labels - Jose Tapia.csv,42.7
2021.07.09.15.53.28_veh-38_03528_04262,2195,2378,Slow down and let the black vehicle merge in to avoid a crash.,Dynamic Referential,giovanni,./staging/labels - Jose Tapia.csv,18.3
2021.06.14.16.32.09_veh-35_00574_00989,100,1524,"Turn right and stop at the red light. Turn left at the traffic light. Merge into the middle lane and stop at the red light. Speed up and merge into the right lane. Briefly stop behind the white vehicle, then continue. Slow down to merge further into the right lane and get behind the white vehicle. Merge into the right turning lane and take a right turn at the traffic lights.",Both,giovanni,./staging/labels - Jose Tapia.csv,142.4
2021.06.09.14.03.17_veh-12_02112_02202,106,303,Turn left at the traffic lights. Merge into the right lane. ,Dynamic Referential,giovanni,./staging/labels - Jose Tapia.csv,19.7
2021.08.17.13.15.12_veh-45_00565_00643,10,309,Stop at the stop sign and turn right. At the next stop sign stop once again and continue going straight. Take a right turn at the traffic light. ,Both,giovanni,./staging/labels - Jose Tapia.csv,29.9
2021.06.09.12.39.51_veh-26_01491_01642,157,466,Turn into the Diamond Seven & Taxi services. Slow down and let the vehicle ahead go forward before merging into the right lane. Briefly stop and look for oncoming traffic.,Both,giovanni,./staging/labels - Jose Tapia.csv,30.9
2021.06.09.17.23.18_veh-38_01151_01532,70,1051,Look for oncoming vehicles and merge into the right lane. Wait for the pedestrains before turning right at the crosswalk.,Both,giovanni,./staging/labels - Jose Tapia.csv,98.1
2021.06.14.11.44.56_veh-35_01308_01584,972,1125,,Non-Referential,giovanni,./staging/labels - Jose Tapia.csv,15.3
2021.06.14.11.44.56_veh-35_00059_00410,847,1351,Enter the building area and turn right at its stop sign. Slow down at the speed bump. Merge into the left lane. Slow down again for the next speed bump. Stop at the red light.,Both,giovanni,./staging/labels - Jose Tapia.csv,50.4
2021.10.11.08.31.07_veh-50_01576_01734,415,666,Merge into the left turn lane and turn left. ,Dynamic Referential,giovanni,./staging/labels - Jose Tapia.csv,25.1
2021.09.15.14.27.22_veh-39_00580_00654,189,343,Stop at the stop sign. Turn left.,Dynamic Referential,giovanni,./staging/labels - Jose Tapia.csv,15.4
2021.06.14.16.32.09_veh-35_00016_00087,32,300,Let the pedestrains cross and continue. Stop at the red light. ,Both,giovanni,./staging/labels - Jose Tapia.csv,26.8
2021.06.23.14.54.32_veh-16_00301_00410,326,505,,Non-Referential,giovanni,./staging/labels - Jose Tapia.csv,17.9
2021.06.23.16.54.19_veh-35_00016_00755,62,1320,Go straight at the traffic light. Briefly stop outside a building. Look for oncoming traffic before procceding. Follow the white vehicle. Turn into the left lane and stop at the red light. At the traffic light turn left. Stop behind the white vehicle.,Both,giovanni,./staging/labels - Jose Tapia.csv,125.8
2021.10.06.14.31.13_veh-28_00981_01226,497,1155,Look for oncoming traffic and turn right. Stop at the broken traffic light and look for oncoming vehicles before procceding. Turn into the left lane. Turn into the left turning lane. ,Both,giovanni,./staging/labels - Jose Tapia.csv,65.8
2021.06.09.14.58.55_veh-35_01095_01484,1341,1693,Merge into the left turn lane and stop.,Static Referential,giovanni,./staging/labels - Jose Tapia.csv,35.2
2021.07.16.02.53.40_veh-17_00016_01588,2021,2384,"Stop behind the vehicle that is front. Go, and come to a stop once again at the red light.",Dynamic Referential,giovanni,./staging/labels - Jose Tapia.csv,36.3
2021.07.09.20.59.12_veh-38_01853_02043,4,324,,Non-Referential,giovanni,./staging/labels - Jose Tapia.csv,32.0
2021.06.14.14.25.15_veh-26_03675_03860,469,648,Switch to the right turn lane to enter the next street. Stay on the left turn lane. Stop at the red light.,Dynamic Referential,giovanni,./staging/labels - Jose Tapia.csv,17.9
2021.07.16.01.22.41_veh-14_01737_01980,193,532,"Follow the vehicle in front. Speed up, and pass the vehicle in front. Merge into the right lane.",Dynamic Referential,giovanni,./staging/labels - Jose Tapia.csv,33.9
2021.09.15.13.12.49_veh-39_00645_00802,123,351,Briefly stop and continue to move when the vehicles infront start moving. Wait for the vehicle in front to merge into the left lane before procceding.Briefly stop and continue moving when the vehicles in front start moving. Wait for the vehicle in front to merge into the left lane before proceeding.,Both,giovanni,./staging/labels - Jose Tapia.csv,22.8
2021.06.14.18.42.45_veh-12_01345_01523,55,707,Stop at the red light. Go when the light turns green and follow the vehicle that is in front. ,Dynamic Referential,giovanni,./staging/labels - Jose Tapia.csv,65.2
2021.05.12.19.36.12_veh-35_01400_01643,1022,1205,"Follow the white vehicle in front, briefly come to a stop and continue. ",Dynamic Referential,giovanni,./staging/labels - Jose Tapia.csv,18.3
2021.06.14.13.27.42_veh-35_02117_02272,314,533,Slowly come to a stop behind the white vehicle during a red light. ,Static Referential,giovanni,./staging/labels - Jose Tapia.csv,21.9
2021.06.09.18.23.43_veh-35_00799_01004,88,623,Turn left at the green turn light. Continue. Stop at the red light. Procced during the green light.,Both,giovanni,./staging/labels - Jose Tapia.csv,53.5
2021.06.23.16.54.19_veh-35_01277_01592,389,1010,Stop at the red light. Wait for pedestrians and oncoming traffic before making a right turn at the traffic lights. Briefly stop and look for vehicles before proceeding. Stop at the red light.,Both,giovanni,./staging/labels - Jose Tapia.csv,62.1
2021.06.23.14.58.13_veh-35_02037_04783,1505,1916,Follow the white vehicle. Stop at behind the white vehicle during the red light. ,Both,giovanni,./staging/labels - Jose Tapia.csv,41.1
2021.05.12.22.28.35_veh-35_01175_02127,15,708,Stop at the red light behind the red vehicle. Turn left at the traffic light and continue. Stop at the red light. Continue going straight. ,Both,giovanni,./staging/labels - Jose Tapia.csv,69.3
2021.06.14.13.27.42_veh-35_00353_00531,288,550,Switch and merge into the right lane.,Dynamic Referential,giovanni,./staging/labels - Jose Tapia.csv,26.2
2021.06.14.13.28.41_veh-12_02845_03153,615,1491,Stop for the pedestrians walk. Continue. Stop at the red light. Turn left at the intersection. Switch and merge into the right lane. Stop at the red light. ,Both,giovanni,./staging/labels - Jose Tapia.csv,87.6
2021.08.17.18.54.02_veh-45_01103_01238,425,591,Look for oncoming vehicles before procceding back into the lane. ,Dynamic Referential,giovanni,./staging/labels - Jose Tapia.csv,16.6
2021.06.09.12.51.31_veh-35_00007_00089,62,281,Look for oncoming vehicles before procceding.,Dynamic Referential,giovanni,./staging/labels - Jose Tapia.csv,21.9
2021.08.17.15.02.08_veh-45_02452_02521,133,293,Take a right at the next right. Stop. ,Static Referential,giovanni,./staging/labels - Jose Tapia.csv,16.0
2021.08.17.16.48.45_veh-43_03137_03245,346,532,,Non-Referential,giovanni,./staging/labels - Jose Tapia.csv,18.6
2021.06.09.14.50.36_veh-26_01209_01393,159,594,At the intersection stop at the red light. ,Static Referential,giovanni,./staging/labels - Jose Tapia.csv,43.5
2021.06.14.18.33.41_veh-35_00224_00344,353,545,Wait for pedestrians at the crosswalk before taking a right. Enter diamond seven star taxi & Limos. ,Dynamic Referential,giovanni,./staging/labels - Jose Tapia.csv,19.2
2021.06.23.14.06.20_veh-26_02505_02775,338,951,At the green light procced forward. Stop behind orange vehicle. Procced at the green light. ,Dynamic Referential,giovanni,./staging/labels - Jose Tapia.csv,61.3
2021.10.06.13.21.47_veh-28_00262_00334,19,183,,Non-Referential,giovanni,./staging/labels - Jose Tapia.csv,16.4
2021.07.09.01.37.16_veh-26_01726_01793,10,267,Look for oncoming traffic before procceding. Stop behind a black vehicle. Turn right at the crosswalk.,Both,giovanni,./staging/labels - Jose Tapia.csv,25.7
2021.06.14.11.44.56_veh-35_00453_00731,931,1248,"Wait for the pedestrians before making a turn at the crosswalk. Slow down, and enter the diamond services taxi. Stop",Both,giovanni,./staging/labels - Jose Tapia.csv,31.7
2021.09.15.16.17.26_veh-28_00937_01074,122,658,Make a quick stop to avoid a collision with the white vehicle making a turn. Procced once the vehicle passed the intersection. Make a brief stop. Procced. Stop at the red light. Turn left at the intersection. Stop at the stop sign.,Both,giovanni,./staging/labels - Jose Tapia.csv,53.6
2021.09.15.13.52.55_veh-39_00016_00122,353,512,At the stop sign and merge into the right lane. Turn left to avoid the truck.,Dynamic Referential,giovanni,./staging/labels - Jose Tapia.csv,15.9
2021.10.11.08.31.07_veh-50_00005_00242,692,858,Turn left at the next intersection. Follow the arrows on the floor and enter the building.,Both,giovanni,./staging/labels - Jose Tapia.csv,16.6
2021.10.06.19.27.33_veh-28_00302_00794,1519,2196,Stop behind the black vehicle. Take a right at the intersection. At the next intersection make a stop at the red light. ,Both,giovanni,./staging/labels - Jose Tapia.csv,67.7
2021.10.01.18.26.05_veh-28_01689_01890,350,688,"Turn and merge into the right turning lane. Turn right. Look for oncoming traffic at the intersection, and make a right turn. Stop. ",Both,giovanni,./staging/labels - Jose Tapia.csv,33.8
2021.06.14.13.27.42_veh-35_03806_03990,88,248,Turn and merge into the right lane.,Dynamic Referential,giovanni,./staging/labels - Jose Tapia.csv,16.0
2021.06.14.13.28.41_veh-12_02070_02140,108,337,Turn left. Turn and merge into the right lane. Stop at the red light. ,Both,giovanni,./staging/labels - Jose Tapia.csv,22.9
2021.09.15.15.34.53_veh-28_01639_01805,392,628,Turn right to go around the vehicle in front. Stop at the red light. Turn and merge into the left lane.,Both,giovanni,./staging/labels - Jose Tapia.csv,23.6
2021.08.17.17.17.01_veh-45_01796_02069,117,1073,"At the intersection turn right. Merge into the left turning lane, and make a stop at the intersection. Turn left. Stop behind the black vehicle. Stop at the red light. ",Both,giovanni,./staging/labels - Jose Tapia.csv,95.6
2021.08.17.16.57.11_veh-08_00206_00331,423,588,Merge into the left turning lane. Look for oncoming traffic.,Static Referential,giovanni,./staging/labels - Jose Tapia.csv,16.5
2021.06.09.14.03.17_veh-12_03678_03787,169,436,Follow the black vehicle and turn right at the crosswalk. Turn into the diamond taxi services. Merge into the right lane. Stop.,Both,giovanni,./staging/labels - Jose Tapia.csv,26.7
2021.08.17.14.45.12_veh-42_00542_00803,691,1102,Turn and merge into the left lane. Stop at the red light. ,Both,giovanni,./staging/labels - Jose Tapia.csv,41.1
2021.06.14.14.03.45_veh-38_03777_04059,685,1089,Wait for the black vehicle in front to turn right. Wait for the pedestrians walking at the crosswalk before turning right. Enter the diamond services.,Both,giovanni,./staging/labels - Jose Tapia.csv,40.4
2021.06.09.12.51.31_veh-35_00852_01020,267,652,Slow down for the speed bump and procced. Turn and merge into the left lane. Stop at the stop sign. Slown down for more speed bumps. Turn left. Go next to the building and stop.,Both,giovanni,./staging/labels - Jose Tapia.csv,38.5
2021.10.06.14.31.13_veh-28_00223_00350,252,461,Stop at the stop sign. Turn right. ,Both,giovanni,./staging/labels - Jose Tapia.csv,20.9
2021.06.14.18.13.35_veh-26_02441_02514,195,358,,Non-Referential,giovanni,./staging/labels - Jose Tapia.csv,16.3
2021.09.15.14.50.05_veh-28_00578_00896,766,1241,At the upcoming intersection turn right. Turn and merge into the left lane. ,Both,giovanni,./staging/labels - Jose Tapia.csv,47.5
2021.10.06.19.27.33_veh-28_00302_00794,1065,2162,At the uncoming intersection stop at the red light. Turn right. Stop behind the black vehicle. Turn right at the intersection. At the next intersection stop at the red light.,Both,giovanni,./staging/labels - Jose Tapia.csv,109.7
2021.06.09.14.03.17_veh-12_02584_02970,605,1107,"At the intersection, make a left turn. Make an emergency stop for the ambulance. Proceed with the initial left turn. At the next traffic light, make a stop.",Both,giovanni,./staging/labels - Jose Tapia.csv,50.2
2021.06.23.20.00.35_veh-35_00130_00949,1746,2349,Stop at the red light. Continue going straight after.,Static Referential,giovanni,./staging/labels - Jose Tapia.csv,60.3
2021.10.01.17.52.06_veh-28_00327_00427,340,492,"Make a stop at the crosswalk, and wait for pedestrians and oncoming traffic to finish passing before continuing straight.",Both,giovanni,./staging/labels - Jose Tapia.csv,15.2
2021.06.09.14.03.17_veh-12_02213_02304,60,298,,Non-Referential,giovanni,./staging/labels - Jose Tapia.csv,23.8
2021.09.15.14.50.05_veh-28_02133_02222,106,276,Turn and merge into the correct lane. ,Dynamic Referential,giovanni,./staging/labels - Jose Tapia.csv,17.0
2021.10.06.17.08.46_veh-28_00016_00116,200,357,,Non-Referential,giovanni,./staging/labels - Jose Tapia.csv,15.7
2021.06.14.17.26.26_veh-38_05048_05270,283,536,At the intersection make a left turn. Turn and merge into the right lane.,Dynamic Referential,giovanni,./staging/labels - Jose Tapia.csv,25.3
2021.06.14.20.14.09_veh-26_00024_00237,179,741,At the intersection make a left turn. Turn and merge into the right lane. Stop behind the white vehicle. ,Both,giovanni,./staging/labels - Jose Tapia.csv,56.2
2021.06.23.17.31.36_veh-16_00634_01421,239,697,Turn and merge into the left lane. Make a stop at the red light. ,Both,giovanni,./staging/labels - Jose Tapia.csv,45.8
2021.06.14.16.32.09_veh-35_01620_01699,196,357,Follow the white vehicle in front.,Dynamic Referential,giovanni,./staging/labels - Jose Tapia.csv,16.1
2021.10.11.07.47.13_veh-50_01190_01452,919,1091,Turn and merge into the left lane. Turn left. Merge into the right lane. ,Dynamic Referential,giovanni,./staging/labels - Jose Tapia.csv,17.2
2021.08.17.16.48.45_veh-43_01837_02038,635,959,,Non-Referential,giovanni,./staging/labels - Jose Tapia.csv,32.4
2021.06.09.12.39.51_veh-26_02901_02978,42,256,"Slow down, and turn and merge into the right lane.",Dynamic Referential,giovanni,./staging/labels - Jose Tapia.csv,21.4
2021.07.09.20.26.06_veh-35_02793_03289,1221,1419,Merge into the right lane over. Turn into the diamond seven star.  ,Dynamic Referential,giovanni,./staging/labels - Jose Tapia.csv,19.8
2021.10.11.07.12.18_veh-50_00866_01534,230,1259,"Merge into the left turning lane. Look for oncoming traffic before turning left. Make a stop at the red light. Merge into the right lane to avoid the delivery truck. Merge back into the original lane and turn left. Turn left at the next street. Stop at the stop sign and look for oncoming traffic. Turn left. At the upcoming stop sign, make a stop.",Both,giovanni,./staging/labels - Jose Tapia.csv,102.9
2021.09.15.13.52.55_veh-39_01385_01446,91,253,,Non-Referential,giovanni,./staging/labels - Jose Tapia.csv,16.2
2021.06.14.13.28.41_veh-12_01779_02059,977,1193,Slow down for the pedestrian walking. Procced after. Stop at the red light. ,Both,giovanni,./staging/labels - Jose Tapia.csv,21.6
2021.10.06.19.27.33_veh-28_00016_00079,122,304,,Non-Referential,giovanni,./staging/labels - Jose Tapia.csv,18.2
2021.07.09.20.59.12_veh-38_05697_06861,933,1432,Wait for the pedestrians running to finish crossing before turning left. At the next traffic light stop. ,Both,giovanni,./staging/labels - Jose Tapia.csv,49.9
2021.10.01.17.52.06_veh-28_00450_00599,559,731,Slow down and stop and wait for the vehicle to move from the middle of both lanes before procceding.,Dynamic Referential,giovanni,./staging/labels - Jose Tapia.csv,17.2
2021.07.09.01.37.16_veh-26_01336_01396,107,261,Wait for the pedestrians crossing and oncoming traffic before making a right turn.,Dynamic Referential,giovanni,./staging/labels - Jose Tapia.csv,15.4
2021.08.17.19.18.39_veh-08_00696_00823,152,484,Turn right at the upcoming intersection with the pedestrians crossing sign. Stop at the stop sign.,Both,giovanni,./staging/labels - Jose Tapia.csv,33.2
2021.06.14.16.32.09_veh-35_03231_03426,818,968,Stop behind the black vehicle. ,Static Referential,giovanni,./staging/labels - Jose Tapia.csv,15.0
2021.07.09.23.23.48_veh-26_00054_01295,2045,2543,Briefly stop behind the black vehicle. Stop at the red light. ,Both,giovanni,./staging/labels - Jose Tapia.csv,49.8
2021.06.09.11.54.15_veh-12_00689_01229,1437,2010,Merge into the right lane.  Make a stop at the upcoming intersection. ,Both,giovanni,./staging/labels - Jose Tapia.csv,57.3
2021.10.01.13.28.54_veh-28_00094_00181,130,311,Make a stop at the stop sign.,Static Referential,giovanni,./staging/labels - Jose Tapia.csv,18.1
2021.06.14.13.28.41_veh-12_01313_01541,580,865,Turn right once the pedestrians finish crossing. Turn into the diamond services. Turn into the right lane and stop behind the white vehicle. ,Both,giovanni,./staging/labels - Jose Tapia.csv,28.5
2021.06.09.12.51.31_veh-35_01587_01718,448,617,Stop at the red light. ,Static Referential,giovanni,./staging/labels - Jose Tapia.csv,16.9
2021.10.11.07.47.13_veh-50_00736_00843,89,355,Merge into the left turning lane. Turn left. Look for oncoming traffic at the intersection. Turn left.,Both,giovanni,./staging/labels - Jose Tapia.csv,26.6
2021.06.09.14.50.36_veh-26_05326_05387,92,257,Merge one over into the right lane. ,Static Referential,giovanni,./staging/labels - Jose Tapia.csv,16.5
2021.06.09.17.23.18_veh-38_04163_04245,157,383,Slow down for the speed bumps. Stop at the red light. ,Static Referential,giovanni,./staging/labels - Jose Tapia.csv,22.6
2021.07.09.20.59.12_veh-38_03292_04331,1661,1965,Follow the white vehicle. Stop behind the white vehicle. ,Non-Referential,giovanni,./staging/labels - Jose Tapia.csv,30.4
2021.07.16.16.08.35_veh-35_00805_01292,1142,2193,"Merge into the right lane, and come to a stop at the red light. Follow the white vehicle. ",Dynamic Referential,giovanni,./staging/labels - Jose Tapia.csv,105.1
2021.10.01.17.52.06_veh-28_01622_01687,75,300,Turn slightly left to avoid the deliverly truck. Turn left at the intersection. Turn right at the upcoming crosswalk. ,Both,giovanni,./staging/labels - Jose Tapia.csv,22.5
2021.06.09.18.23.43_veh-35_00799_01004,227,764,Stop behind white vehicle. Follow the white vehicle. Make a stop at the upcoming traffic light.,Both,giovanni,./staging/labels - Jose Tapia.csv,53.7
2021.06.09.14.58.55_veh-35_02476_02569,70,365,Stop at the red light. ,Static Referential,giovanni,./staging/labels - Jose Tapia.csv,29.5
2021.10.01.14.20.36_veh-28_00931_01128,745,908,Turn left at the intersection. Merge into the right lane behind the red truck. Stop behind the red truck.,Both,giovanni,./staging/labels - Jose Tapia.csv,16.3
2021.07.09.01.37.16_veh-26_01336_01396,8,260,Look for oncoming vehicles before procceding. Stop at the stop sign. Look for oncoming vehicles or pedestrians before turning right.,Both,giovanni,./staging/labels - Jose Tapia.csv,25.2
2021.06.14.13.27.42_veh-35_00842_00940,123,341,,Non-Referential,giovanni,./staging/labels - Jose Tapia.csv,21.8
2021.06.14.18.42.45_veh-12_01345_01523,193,578,,Non-Referential,giovanni,./staging/labels - Jose Tapia.csv,38.5
2021.06.14.11.44.56_veh-35_02064_02388,556,1262,Stop at the stop sign. Look for oncoming traffic before turning right. Slow down for the speed bumps. Turn the second furthest left lane. Stop at the red light. Turn left at the intersection. ,Both,giovanni,./staging/labels - Jose Tapia.csv,70.6
2021.06.14.18.42.45_veh-12_02737_02967,360,965,"Slow down, and merge into the right lane behind the red vehicle. Stop at the red light. Merge into the right one. Speed up and merge back into the left lane. ",Both,giovanni,./staging/labels - Jose Tapia.csv,60.5
2021.06.09.14.03.17_veh-12_02011_02101,290,440,Slow down for the speed bumps. Stop at the red light. ,Static Referential,giovanni,./staging/labels - Jose Tapia.csv,15.0
2021.06.14.16.48.02_veh-12_02861_03047,2,518,Slow down and follow the white vehicle. Stop at the red light. ,Both,giovanni,./staging/labels - Jose Tapia.csv,51.6
2021.06.14.18.42.45_veh-12_04620_04742,28,472,Merge into the left lane behind the red vehicle.,Dynamic Referential,giovanni,./staging/labels - Jose Tapia.csv,44.4
2021.06.14.18.42.45_veh-12_01762_02072,342,1046,Look for oncoming vehicles before merging into the right lane. Stop behind a truck. Merge one over into the right lane.,Both,giovanni,./staging/labels - Jose Tapia.csv,70.4
2021.09.15.13.12.49_veh-39_01532_01687,436,682,Follow the vehicle in front. ,Static Referential,giovanni,./staging/labels - Jose Tapia.csv,24.6
2021.06.09.14.58.55_veh-35_03312_03379,112,322,Wait for the pedestrians to finish crossing and turn right.  ,Dynamic Referential,giovanni,./staging/labels - Jose Tapia.csv,21.0
2021.06.09.14.50.36_veh-26_03061_03152,184,348,Merge one over into the right lane. ,Dynamic Referential,giovanni,./staging/labels - Jose Tapia.csv,16.4
2021.06.14.18.42.45_veh-12_00547_00777,568,1138,Look for oncoming traffic before merging back into the left lane. Stop at the upcoming red light.,Both,giovanni,./staging/labels - Jose Tapia.csv,57.0
2021.10.06.17.43.07_veh-28_00933_01014,56,384,,Non-Referential,giovanni,./staging/labels - Jose Tapia.csv,32.8
2021.06.09.14.03.17_veh-12_00294_00364,183,343,Stop behind the white vehicle. ,Ambiguous,giovanni,./staging/labels - Jose Tapia.csv,16.0
2021.07.09.01.37.16_veh-26_04224_04293,89,334,Stop at the red light. ,Static Referential,giovanni,./staging/labels - Jose Tapia.csv,24.5
2021.08.17.16.48.45_veh-43_03137_03245,17,515,At the next intersection turn right. ,Static Referential,giovanni,./staging/labels - Jose Tapia.csv,49.8
2021.05.12.19.36.12_veh-35_00568_01168,1222,2431,Stop at the red light. Speed up and merge one over into the right lane. Merge into the right turning lane now. Merge one over to the left lane to avoid traffic cones. Merge back into original lane.,Both,giovanni,./staging/labels - Jose Tapia.csv,120.9
2021.10.11.07.47.13_veh-50_00886_00952,18,215,Follow the arrows in the floor. Look for oncoming traffic before turning left.,Both,giovanni,./staging/labels - Jose Tapia.csv,19.7
2021.06.14.13.27.42_veh-35_01160_01331,44,483,Turn left at the intersection. Follow the white vehicle. ,Both,giovanni,./staging/labels - Jose Tapia.csv,43.9
2021.06.09.14.50.36_veh-26_04746_04837,166,392,,Non-Referential,giovanni,./staging/labels - Jose Tapia.csv,22.6
2021.10.06.17.43.07_veh-28_01354_01536,100,475,Merge into the left lane to avoid the delivery truck. Merge back into the original lane. Stop at the stop sign and turn right.,Both,giovanni,./staging/labels - Jose Tapia.csv,37.5
2021.06.09.18.23.43_veh-35_01232_01405,384,569,,Non-Referential,giovanni,./staging/labels - Jose Tapia.csv,18.5
2021.06.23.18.23.38_veh-26_01238_01416,376,797,Turn right after pedestrians finish crossing. Make a stop behind the gray vehicle. look for oncoming vehicles before merging back into the left lane. ,Both,giovanni,./staging/labels - Jose Tapia.csv,42.1
2021.10.06.14.31.13_veh-28_00981_01226,999,1158,Stop at the red traffic light. Prepare to turn left.,Static Referential,giovanni,./staging/labels - Jose Tapia.csv,15.9
2021.10.11.05.34.05_veh-50_02309_02677,386,1161,Follow the orange vehicle. Merge into the left turning lane. Turn left. Merge into the right lane. Merge futher into the right turning lane. Turn right. Turn right ,Both,giovanni,./staging/labels - Jose Tapia.csv,77.5
2021.09.15.13.12.49_veh-39_00135_00467,853,1583,Turn right at the intersection. Merge into the middle lane. Stop at the stop sign. Turn left. Merge onto the left lane to avoid the red vehicle. At the next stop sign make a stop. Look for oncoming traffic.,Both,giovanni,./staging/labels - Jose Tapia.csv,73.0
2021.06.14.14.03.45_veh-38_01018_01144,362,541,Stop at the red light. ,Static Referential,giovanni,./staging/labels - Jose Tapia.csv,17.9
2021.06.14.14.03.45_veh-38_01624_01811,449,832,Turn left at the intersection. Stop at the next traffic light. ,Both,giovanni,./staging/labels - Jose Tapia.csv,38.3
2021.06.09.18.23.43_veh-35_00555_00726,509,819,Stop at the red light. At the intersection prepare to turn right.,Both,giovanni,./staging/labels - Jose Tapia.csv,31.0
2021.07.09.01.37.16_veh-26_03306_03373,72,267,Merge into the left lane. Stop at the red light. ,Both,giovanni,./staging/labels - Jose Tapia.csv,19.5
2021.10.11.02.57.41_veh-50_01028_01289,919,1117,Follow the arrows. Stop. Look for oncoming traffic. Turn left. ,Ambiguous,giovanni,./staging/labels - Jose Tapia.csv,19.8
2021.10.11.08.31.07_veh-50_01750_01948,608,854,Merge into the right lane to avoid hitting the vehicle. Merge back into the original lane. Merge once more to the left turning lane. Wait for the pedestrian to cross. Turn left.,Both,giovanni,./staging/labels - Jose Tapia.csv,24.6
2021.06.09.12.39.51_veh-26_01653_01919,1097,1323,Stop at the red traffic light. ,Static Referential,giovanni,./staging/labels - Jose Tapia.csv,22.6
2021.06.14.13.28.41_veh-12_04719_04892,274,668,Turn left at the intersection. At the next traffic light make a stop. ,Both,giovanni,./staging/labels - Jose Tapia.csv,39.4
2021.06.09.20.26.11_veh-35_00825_00942,376,545,Stop behind the red vehicle. ,Static Referential,giovanni,./staging/labels - Jose Tapia.csv,16.9
2021.08.17.16.48.45_veh-43_02070_02652,448,660,Stop at the stop sign. Turn left. At the next stop sign make another stop. Turn right. ,Both,giovanni,./staging/labels - Jose Tapia.csv,21.2
2021.06.14.13.28.41_veh-12_04719_04892,225,464,,Non-Referential,giovanni,./staging/labels - Jose Tapia.csv,23.9
2021.06.09.17.23.18_veh-38_05423_05550,235,566,,Non-Referential,giovanni,./staging/labels - Jose Tapia.csv,33.1
2021.09.15.16.17.26_veh-28_01450_01544,235,566,,Non-Referential,giovanni,./staging/labels - Jose Tapia.csv,33.1
2021.06.23.20.43.31_veh-16_00016_00216,595,821,,Non-Referential,giovanni,./staging/labels - Jose Tapia.csv,22.6
2021.06.23.15.18.10_veh-26_00016_00143,466,624,Turn left at the intersection. ,Ambiguous,giovanni,./staging/labels - Jose Tapia.csv,15.8
2021.06.09.14.50.36_veh-26_05055_05138,147,307,Merge into the left lane. Slow down and stop behind the black vehicle. Merge into the further left lane.,Both,giovanni,./staging/labels - Jose Tapia.csv,16.0
2021.09.15.14.27.22_veh-39_01166_01252,52,375,,Non-Referential,giovanni,./staging/labels - Jose Tapia.csv,32.3
2021.09.15.16.17.26_veh-28_00772_00880,239,471,Stop at the red light. Merge into the left lane. ,Both,giovanni,./staging/labels - Jose Tapia.csv,23.2
2021.07.16.16.08.35_veh-35_00132_00784,1662,2245,Wait for the vehicle in front to merge itto the right lane and procced after. Stop behind the grey vehicle during the red light.,Both,giovanni,./staging/labels - Jose Tapia.csv,58.3
2021.10.06.19.27.33_veh-28_00805_01736,1336,2268,Stop for the school bus.  Stop for the pedestrians walking. Merge into the furtherest left turning lane. Turn left. Stop at the red light. Turn left at the intersection. Turn right at the crosswalk. ,Both,giovanni,./staging/labels - Jose Tapia.csv,93.2
2021.06.09.12.06.35_veh-35_00422_01112,1523,2470,Turn left at the intersection. Merge into the right lane. Enter the building toward the right. Stop outside the building. Drive further up and come to a stop. Look for oncoming vehicles before proceeding. Merge into the left lane.,Both,giovanni,./staging/labels - Jose Tapia.csv,94.7
2021.06.23.17.31.36_veh-16_00634_01421,1681,2379,,Non-Referential,giovanni,./staging/labels - Jose Tapia.csv,69.8
2021.06.09.14.50.36_veh-26_01782_02044,82,288,Turn left at the intersection. ,Dynamic Referential,giovanni,./staging/labels - Jose Tapia.csv,20.6
2021.06.14.14.25.15_veh-26_02770_02830,122,290,Turn left at the intersection. ,Dynamic Referential,giovanni,./staging/labels - Jose Tapia.csv,16.8
2021.06.09.17.23.18_veh-38_03302_03414,210,522,Merge into the right lane. ,Dynamic Referential,giovanni,./staging/labels - Jose Tapia.csv,31.2
2021.06.09.17.23.18_veh-38_00609_00762,539,711,,Non-Referential,giovanni,./staging/labels - Jose Tapia.csv,17.2
2021.10.11.08.31.07_veh-50_02360_02684,320,1088,Turn left at the intersection. Stop at the red light. Avoid the vehicle by slightly going right lane. ,Both,giovanni,./staging/labels - Jose Tapia.csv,76.8
2021.06.14.14.03.45_veh-38_00088_00769,601,1174,,Non-Referential,giovanni,./staging/labels - Jose Tapia.csv,57.3
2021.10.11.07.47.13_veh-50_01513_02138,1634,2311,Turn left at the intersection. Stop at the red light. ,Both,giovanni,./staging/labels - Jose Tapia.csv,67.7
2021.07.09.02.42.50_veh-35_02651_02770,274,558,Wait for oncoming traffic and procced to turn left into a building. Enter the drop off zone.,Dynamic Referential,giovanni,./staging/labels - Jose Tapia.csv,28.4
2021.08.17.17.17.01_veh-45_00762_01166,245,550,Wait for oncoming traffic and procced to make a left turn. Stop at the stop sign. Pull into the curb.,Both,giovanni,./staging/labels - Jose Tapia.csv,30.5
2021.08.17.18.44.32_veh-08_00586_00848,294,593,Look for oncoming traffic before merge back into the lane and procceding. Stop at the stop sign. Pull into the curb.,Both,giovanni,./staging/labels - Jose Tapia.csv,29.9
2021.07.16.00.51.05_veh-17_00023_01331,1626,1953,Make a stop at the red light ahead. ,Static Referential,giovanni,./staging/labels - Jose Tapia.csv,32.7
2021.06.09.11.54.15_veh-12_02734_02946,199,430,,Non-Referential,giovanni,./staging/labels - Jose Tapia.csv,23.1
2021.06.09.18.23.43_veh-35_01232_01405,23,814,Merge into the right most lane. Merge into the right turning section. Look for oncoming traffic and turn right. ,Both,giovanni,./staging/labels - Jose Tapia.csv,79.1
2021.06.09.17.23.18_veh-38_02094_02305,406,700,,Non-Referential,giovanni,./staging/labels - Jose Tapia.csv,29.4
2021.06.09.12.39.51_veh-26_03409_03722,1134,1294,Make a stop at the red light ahead. ,Static Referential,giovanni,./staging/labels - Jose Tapia.csv,16.0
2021.06.09.11.54.15_veh-12_00270_00339,47,205,,Non-Referential,giovanni,./staging/labels - Jose Tapia.csv,15.8
2021.10.06.17.43.07_veh-28_00016_00291,473,691,Let the car ahead merge into the lane and stop for the red light.,Static Referential,giovanni,./staging/labels - Jose Tapia.csv,21.8
2021.08.17.14.45.12_veh-42_00542_00803,331,1282,Stop at the stop sign. Look for oncoming traffic and turn left. Merge into the left lane and stop at the upcoming traffic light. Stop at the stop sign. Turn left. ,Both,giovanni,./staging/labels - Jose Tapia.csv,95.1
2021.10.06.17.08.46_veh-28_00127_00428,124,1176,Stop at the stop sign and turn right. Stop at the upcoming stop sign and turn left. Turn left at the next intersection. Merge into the left lane. Stop at the red light. ,Both,giovanni,./staging/labels - Jose Tapia.csv,105.2
2021.06.14.14.03.45_veh-38_05222_05347,349,509,,Non-Referential,giovanni,./staging/labels - Jose Tapia.csv,16.0
2021.06.23.20.43.31_veh-16_00803_02194,501,1464,Stop for the red light. Follow the black vehicle.,Static Referential,giovanni,./staging/labels - Jose Tapia.csv,96.3
2021.06.14.11.44.56_veh-35_01145_01297,503,735,,Non-Referential,giovanni,./staging/labels - Jose Tapia.csv,23.2
2021.08.17.18.13.38_veh-45_00151_00387,994,1167,Make a stop at the red light. ,Non-Referential,giovanni,./staging/labels - Jose Tapia.csv,17.3
2021.09.15.11.49.23_veh-28_00280_00506,950,1110,,Non-Referential,giovanni,./staging/labels - Jose Tapia.csv,16.0
2021.10.01.17.52.06_veh-28_00098_00211,213,443,Merge into the right lane to avoid the vehicle turning left and continue.,Dynamic Referential,giovanni,./staging/labels - Jose Tapia.csv,23.0
2021.06.09.14.58.55_veh-35_03811_03916,126,458,Merge into the left lane. Stop for the upcoming stop sign. Yield to traffic and then turn left. ,Both,giovanni,./staging/labels - Jose Tapia.csv,33.2
2021.06.09.11.54.15_veh-12_00689_01229,1215,1877,Merge into the right lane. Make a stop for the upcoming red traffic light. ,Both,giovanni,./staging/labels - Jose Tapia.csv,66.2
2021.06.23.14.06.20_veh-26_01563_02494,632,867,Merge into the upmost right lane.,Dynamic Referential,giovanni,./staging/labels - Jose Tapia.csv,23.5
2021.07.09.15.53.28_veh-38_04273_04767,1824,2185,,Non-Referential,giovanni,./staging/labels - Jose Tapia.csv,36.1
2021.08.17.16.48.45_veh-43_01837_02038,219,444,,Non-Referential,giovanni,./staging/labels - Jose Tapia.csv,22.5
2021.06.09.17.37.09_veh-12_01386_01454,34,310,Make a stop for the pedestrians walking and red traffic light. ,Static Referential,giovanni,./staging/labels - Jose Tapia.csv,27.6
2021.06.14.13.28.41_veh-12_05269_05369,185,343,Stop at the red light.,Static Referential,giovanni,./staging/labels - Jose Tapia.csv,15.8
2021.10.06.18.52.07_veh-28_00442_00578,502,658,After the right turn merge into the left lane. ,Dynamic Referential,giovanni,./staging/labels - Jose Tapia.csv,15.6
2021.06.23.14.06.20_veh-26_01563_02494,919,1498,After the right turn continue going straight. Enter the drop off zone and merge to the most right lane. Stop. Look for oncoming traffic before leaving and merging into the left lane. ,Both,giovanni,./staging/labels - Jose Tapia.csv,57.9
2021.06.14.18.42.45_veh-12_00968_01052,14,199,Slow down and merge into the right lane behind the gray vehicle. Stop behind a white vehicle during the red light.,Both,giovanni,./staging/labels - Jose Tapia.csv,18.5
2021.07.09.01.37.16_veh-26_04675_04767,258,443,Stop for the people walking on the crosswalk. Stop for the upcoming red traffic light. ,Both,giovanni,./staging/labels - Jose Tapia.csv,18.5
2021.10.01.17.52.06_veh-28_00098_00211,61,244,Stop at the yield sign and continue once the oncoming vehicles passed. Merge into the left lane.,Dynamic Referential,giovanni,./staging/labels - Jose Tapia.csv,18.3
2021.10.01.17.52.06_veh-28_01141_01264,101,518,Make a stop at the stop sign. Turn left. At the upcoming stop sign make a stop. Turn right. ,Non-Referential,giovanni,./staging/labels - Jose Tapia.csv,41.7
2021.06.14.11.44.56_veh-35_01983_02053,150,327,Merge right into the most right turning lane. Turn right.  ,Dynamic Referential,giovanni,./staging/labels - Jose Tapia.csv,17.7
2021.09.15.13.12.49_veh-39_00022_00104,23,222,,Non-Referential,giovanni,./staging/labels - Jose Tapia.csv,19.9
2021.08.17.17.17.01_veh-45_01207_01417,401,821,At the intersection make a righ turn. After the traffic light merge into the left lane. Merge into the left turning lane and make a stop during the red light.,Both,giovanni,./staging/labels - Jose Tapia.csv,42.0
2021.06.09.17.23.18_veh-38_02450_02515,110,294,Make a right turn once the people finished crossing. ,Dynamic Referential,giovanni,./staging/labels - Jose Tapia.csv,18.4
2021.07.09.02.42.50_veh-35_00038_02629,434,816,Make a left turn at the intersection. Stop for the pedestrians crossing. Merge into the most left lane. Make a stop at the upcoming stop sign.,Both,giovanni,./staging/labels - Jose Tapia.csv,38.2
2021.08.17.17.17.01_veh-45_01207_01417,223,474,Turn left. Take a slight right and stop at the curb. Look for oncoming traffic and merge back into the lane. Stop during the red light.,Both,giovanni,./staging/labels - Jose Tapia.csv,25.1
2021.07.16.16.01.30_veh-38_03893_05253,1714,2167,Enter the diamond seven star taxi services. Merge into the drop off zone. Look for oncoming vehicles before going back into the lane.  Make a stop at the stop sign. ,Both,giovanni,./staging/labels - Jose Tapia.csv,45.3
2021.08.17.13.15.12_veh-45_00565_00643,92,360,Make a stop at the upcoming stop sign. Turn right at the intersection. ,Both,giovanni,./staging/labels - Jose Tapia.csv,26.8
2021.06.23.14.06.20_veh-26_02505_02775,969,1206,Merge into the most right lane. Turn into the right turning section and turn right. ,Dynamic Referential,giovanni,./staging/labels - Jose Tapia.csv,23.7
2021.06.09.12.51.31_veh-35_03371_03476,155,399,Go a little ahead and stop behind a black vehicle at the drop off zone.,Ambiguous,giovanni,./staging/labels - Jose Tapia.csv,24.4
2021.06.14.13.28.41_veh-12_02845_03153,1328,1495,Stop for the incoming red light. ,Non-Referential,giovanni,./staging/labels - Jose Tapia.csv,16.7
2021.08.17.16.48.45_veh-43_02693_03062,1270,1450,Stop at the upcoming stop sign. Stop at the curb side. Look for oncoming vehicles before merging back into the lane.,Both,giovanni,./staging/labels - Jose Tapia.csv,18.0
2021.06.14.16.32.09_veh-35_00100_00272,105,350,Turn left at the intersection and merge into the right lane.,Dynamic Referential,giovanni,./staging/labels - Jose Tapia.csv,24.5
2021.06.14.17.26.26_veh-38_05760_05896,214,630,Megre into the right lane behind the yellow vehice. Make a stop for the red traffic light.  ,Both,giovanni,./staging/labels - Jose Tapia.csv,41.6
2021.07.16.00.51.05_veh-17_01352_01901,1011,2162,Stop at the red light. Make another stop at the upcoming red traffic light. Stop again at the next red traffic light. Stop behind the white vehicle.,Static Referential,giovanni,./staging/labels - Jose Tapia.csv,115.1
2021.06.14.13.27.42_veh-35_01025_01086,38,194,Yield to the vehicles crossing and turn right into the building.,Dynamic Referential,giovanni,./staging/labels - Jose Tapia.csv,15.6
2021.10.06.14.31.13_veh-28_00014_00079,30,224,Stop for the stop sign. Turn right. ,Non-Referential,giovanni,./staging/labels - Jose Tapia.csv,19.4
2021.06.14.11.44.56_veh-35_01983_02053,138,342,Merge into the right turning lane. Turn right. ,Dynamic Referential,giovanni,./staging/labels - Jose Tapia.csv,20.4
2021.06.23.20.43.31_veh-16_00238_00577,1117,1622,Make a stop for the upcoming red light. ,Static Referential,giovanni,./staging/labels - Jose Tapia.csv,50.5
2021.07.16.16.08.35_veh-35_00132_00784,1465,2379,Wait for the grey vehicle in front to pass and merge into the right lane. Stop for the red traffic light. ,Both,giovanni,./staging/labels - Jose Tapia.csv,91.4
2021.07.09.20.59.12_veh-38_01853_02043,655,932,,Non-Referential,giovanni,./staging/labels - Jose Tapia.csv,27.7
2021.07.09.23.23.48_veh-26_02228_04624,2077,2338,Stop for the red light. ,Non-Referential,giovanni,./staging/labels - Jose Tapia.csv,26.1
2021.06.09.14.03.17_veh-12_03344_03461,374,527,Turn left at the intersection.,Dynamic Referential,giovanni,./staging/labels - Jose Tapia.csv,15.3
2021.07.16.16.01.30_veh-38_05274_05744,554,1054,Merge on the left lane. Turn left at the intersection. Stop at the next traffic light. Switch to the left lane and stop for the red traffic light. Follow the white vehicle. ,Both,giovanni,./staging/labels - Jose Tapia.csv,50.0
2021.06.23.16.52.00_veh-26_00038_00602,113,407,,Non-Referential,giovanni,./staging/labels - Jose Tapia.csv,29.4
2021.09.15.14.27.22_veh-39_01166_01252,65,365,Merge into the left lane. ,Dynamic Referential,giovanni,./staging/labels - Jose Tapia.csv,30.0
2021.10.01.15.32.11_veh-28_00025_00097,49,279,Stop at the stop sign. Turn right. Move to the left to avoid the trailer. ,Both,giovanni,./staging/labels - Jose Tapia.csv,23.0
2021.06.09.14.50.36_veh-26_05825_05901,82,309,Merge into the right lane and wait for the pedestrians to finish walking. Turn right. ,Dynamic Referential,giovanni,./staging/labels - Jose Tapia.csv,22.7
2021.08.17.13.15.12_veh-45_00565_00643,46,254,Turn right. Make a stop at the stop sign. ,Both,giovanni,./staging/labels - Jose Tapia.csv,20.8
2021.08.17.16.48.45_veh-43_00936_01035,42,367,Make a stop at the stop sign and turn right. At the next upcoming stop sign make a stop and turn left. Stop at the upcoming red traffic light. ,Both,giovanni,./staging/labels - Jose Tapia.csv,32.5
2021.09.15.15.34.53_veh-28_01303_01395,99,299,Make a stop at the stop sign and turn right. Follow the trailer. ,Static Referential,giovanni,./staging/labels - Jose Tapia.csv,20.0
2021.06.09.11.54.15_veh-12_03917_04069,217,433,Make a stop during the red light. ,Static Referential,giovanni,./staging/labels - Jose Tapia.csv,21.6
2021.10.11.07.12.18_veh-50_00211_00304,192,342,,Non-Referential,giovanni,./staging/labels - Jose Tapia.csv,15.0
2021.07.16.00.24.14_veh-38_01447_01621,217,564,Wait for the pedestrians before making a right turn.,Ambiguous,giovanni,./staging/labels - Jose Tapia.csv,34.7
2021.06.09.12.39.51_veh-26_04374_04513,32,274,Merge one lane over into the right side.,Dynamic Referential,giovanni,./staging/labels - Jose Tapia.csv,24.2
2021.06.09.14.03.17_veh-12_02495_02573,117,345,Follow the grey vehicle. ,Ambiguous,giovanni,./staging/labels - Jose Tapia.csv,22.8
2021.05.12.22.00.38_veh-35_00005_00118,94,340,,Non-Referential,giovanni,./staging/labels - Jose Tapia.csv,24.6
2021.06.14.13.28.41_veh-12_04719_04892,464,690,At the intersection make a left turn. At the next red traffic light. ,Both,giovanni,./staging/labels - Jose Tapia.csv,22.6
2021.08.17.15.02.08_veh-45_02452_02521,104,255,Turn right. Pull over in front of a gate and stop.,Both,giovanni,./staging/labels - Jose Tapia.csv,15.1
2021.08.17.18.13.38_veh-45_00410_00618,724,874,Make a stop at the stop sign. At the upcoming red traffic light make a stop.,Static Referential,giovanni,./staging/labels - Jose Tapia.csv,15.0
2021.06.09.14.03.17_veh-12_02213_02304,97,350,,Non-Referential,giovanni,./staging/labels - Jose Tapia.csv,25.3
2021.06.14.18.33.41_veh-35_01363_01636,1026,1242,,Non-Referential,giovanni,./staging/labels - Jose Tapia.csv,21.6
2021.06.23.21.56.29_veh-35_00220_00936,458,1414,Make a stop during the red light. At the next traffic light make a stop for the red light. ,Static Referential,giovanni,./staging/labels - Jose Tapia.csv,95.6
2021.09.15.14.00.15_veh-28_00420_00578,115,659,Come to a stop at the red light. Turn left at the intersection. Stop at the upcoming traffic light. Turn right. ,Both,giovanni,./staging/labels - Jose Tapia.csv,54.4
2021.05.12.19.36.12_veh-35_01179_01278,337,488,,Non-Referential,giovanni,./staging/labels - Jose Tapia.csv,15.1
2021.06.23.16.54.19_veh-35_01603_03271,2344,2526,Merge into the left lane. ,Dynamic Referential,giovanni,./staging/labels - Jose Tapia.csv,18.2
2021.08.17.15.02.08_veh-45_02003_02086,210,365,Stop at the red light. ,Static Referential,giovanni,./staging/labels - Jose Tapia.csv,15.5
2021.06.09.18.23.43_veh-35_05198_05504,451,1252,Merge into the most right lane. Merge into the right turning lane. Look for oncoming traffic before making a right turn. Merge one lane to left to pass the white vehicle. Enter the drop off zone.,Both,giovanni,./staging/labels - Jose Tapia.csv,80.1
2021.10.11.07.47.13_veh-50_00736_00843,206,410,Look for oncoming traffic and turn left. At the next intersectio turn left. ,Both,giovanni,./staging/labels - Jose Tapia.csv,20.4
2021.06.14.18.33.41_veh-35_02140_02328,735,896,,Non-Referential,giovanni,./staging/labels - Jose Tapia.csv,16.1
2021.06.14.18.13.35_veh-26_04721_04800,187,389,Turn left at the intersection. ,Static Referential,giovanni,./staging/labels - Jose Tapia.csv,20.2
2021.06.14.14.25.15_veh-26_02179_02316,197,654,,Non-Referential,giovanni,./staging/labels - Jose Tapia.csv,45.7
2021.08.17.14.32.33_veh-08_01262_01528,443,1131,Make a stop at the stop sign. Turn left. Make another stop at the upcoming stop sign and look for oncoming traffic before procceding. Turn left. ,Both,giovanni,./staging/labels - Jose Tapia.csv,68.8
2021.08.17.13.10.50_veh-08_00313_00564,290,864,Follow the white vehicle ahead. Merge into the left turning lane and look for oncoming traffic. Make a left turn at the intersection. Make a stop at the upcoming stop sign and turn right. At the next stop sign make a stop. Drive into the curb and get behind the white vehicle.,Both,giovanni,./staging/labels - Jose Tapia.csv,57.4
2021.06.09.20.26.11_veh-35_00540_00789,523,822,,Non-Referential,giovanni,./staging/labels - Jose Tapia.csv,29.9
2021.06.09.18.23.43_veh-35_00799_01004,729,953,Make a stop for the red traffic light. ,Static Referential,giovanni,./staging/labels - Jose Tapia.csv,22.4
2021.06.14.17.26.26_veh-38_03162_03227,49,251,Enter the diamond star seven building. Pull into the drop off zone.,Dynamic Referential,giovanni,./staging/labels - Jose Tapia.csv,20.2
2021.06.14.18.42.45_veh-12_05170_05261,113,332,,Non-Referential,giovanni,./staging/labels - Jose Tapia.csv,21.9
2021.07.09.20.59.12_veh-38_00773_01187,800,1135,Make a left turn at the intersection. At the upcoming red traffic light make a stop.,Both,giovanni,./staging/labels - Jose Tapia.csv,33.5
2021.06.14.18.13.35_veh-26_00385_00471,261,419,Turn right when the people finishing crossing. Enter the diamond seven star.,Dynamic Referential,giovanni,./staging/labels - Jose Tapia.csv,15.8
2021.06.09.18.23.43_veh-35_01939_02025,41,254,,Non-Referential,giovanni,./staging/labels - Jose Tapia.csv,21.3
2021.06.23.18.23.38_veh-26_00069_00642,453,821,Stop at the upcoming red traffic light. ,Static Referential,giovanni,./staging/labels - Jose Tapia.csv,36.8
2021.06.14.11.44.56_veh-35_01595_01804,690,873,,Non-Referential,giovanni,./staging/labels - Jose Tapia.csv,18.3
2021.09.15.15.02.19_veh-39_01107_01666,442,680,Follow the trailer. Yield for the bicylist.,Dynamic Referential,giovanni,./staging/labels - Jose Tapia.csv,23.8
2021.06.09.18.23.43_veh-35_00026_00274,313,665,Look for oncoming vehicles before merge into the left lane from the drop off zone. ,Dynamic Referential,giovanni,./staging/labels - Jose Tapia.csv,35.2
2021.06.09.14.50.36_veh-26_05225_05311,199,354,,Non-Referential,giovanni,./staging/labels - Jose Tapia.csv,15.5
2021.06.09.14.50.36_veh-26_02826_02955,83,352,,Non-Referential,giovanni,./staging/labels - Jose Tapia.csv,26.9
2021.07.09.17.06.37_veh-35_00928_02567,1309,1853,Make a stop at the stop sign. Look for oncoming vehicles before making a right turn. Stop for the people on the crosswalk. Merge into the furthest left lane and stop at the red light. ,Both,giovanni,./staging/labels - Jose Tapia.csv,54.4
2021.06.14.13.27.42_veh-35_04001_04236,414,565,Follow the white vehicle. Stop for the upcoming stop sign.,Static Referential,giovanni,./staging/labels - Jose Tapia.csv,15.1
2021.06.23.14.54.32_veh-16_00016_00290,993,1203,Make a left turn at the intersection. At the upcoming traffic lights make a stop.,Both,giovanni,./staging/labels - Jose Tapia.csv,21.0
2021.06.09.12.51.31_veh-35_01587_01718,327,493,,Non-Referential,giovanni,./staging/labels - Jose Tapia.csv,16.6
2021.06.09.14.50.36_veh-26_03595_03863,1095,1275,,Non-Referential,giovanni,./staging/labels - Jose Tapia.csv,18.0
2021.06.09.14.58.55_veh-35_03548_03800,5,1042,Wait for the people to finish crossing before making a left turn. Stop at the next traffic lights. Merge one lane to the right. Merge into once more into the right lane. Make a stop at the upcoming red traffic light.  ,Both,giovanni,./staging/labels - Jose Tapia.csv,103.7
2021.06.14.16.48.02_veh-12_00585_00672,200,402,Slow down to make traffic speed. Stop behind the white vehicle.,Both,giovanni,./staging/labels - Jose Tapia.csv,20.2
2021.06.09.14.50.36_veh-26_02081_02143,38,196,Wait for the pedestrians to finish crossing before making a right turn. ,Dynamic Referential,giovanni,./staging/labels - Jose Tapia.csv,15.8
2021.07.09.20.26.06_veh-35_03898_05974,1309,2506,Stop behind the black vehicle. Wait for the people crossing before making a right turn. Stop for the person. Turn right. ,Both,giovanni,./staging/labels - Jose Tapia.csv,119.7
2021.05.12.19.36.12_veh-35_00568_01168,143,1612,Turn right at the intersection. Get behind the white vehicle. Enter the drop off zone. Look for oncoming traffic before merging back into the left lane. Turn left at the upcoming intersection. Stop at the next red traffic light. Stop at the upcoming traffic light.,Both,giovanni,./staging/labels - Jose Tapia.csv,146.9
2021.10.06.17.08.46_veh-28_00016_00116,82,317,Merge one lane over to the left. ,Static Referential,giovanni,./staging/labels - Jose Tapia.csv,23.5
2021.09.15.12.32.43_veh-28_00015_00093,82,292,Make a stop for the red light. ,Static Referential,giovanni,./staging/labels - Jose Tapia.csv,21.0
2021.08.17.18.43.12_veh-43_00125_00805,163,904,Turn left at the intersection. Stop behind the black vehicle. Yield for oncoming traffic to pass before making a left turn. Stop at the next traffic light. ,Both,giovanni,./staging/labels - Jose Tapia.csv,74.1
2021.08.17.16.57.11_veh-08_01200_01636,20,1790,"Turn right at the upcoming intersection. Merge one lane to the left. Stop for the red light. Turn left. Merge into the left turning lane and turn left. Make a stop at the stop sign. Turn left. Turn right at the next intersection. Make a stop for the stop sign. Yield for oncoming traffic and turn left. Stop at the upcoming stop sign. Merge into the left lane to avoid the deliverly truck and merge back in once passed it. At the next intersection turn left and stop at the stop sign. Stop at the next stop sign
",Both,giovanni,./staging/labels - Jose Tapia.csv,177.0
2021.09.15.15.02.19_veh-39_01107_01666,1535,2517,Merge one lane to the left. Wait for the vehicle to pass before crossing the intersection. Stop at the red light. At the next traffic light make a stop. Slow down to avoid the black vehicle merging into the left lane.,Both,giovanni,./staging/labels - Jose Tapia.csv,98.2
2021.06.23.15.56.12_veh-16_00839_01285,2060,2216,Merge one lane into the right. ,Dynamic Referential,giovanni,./staging/labels - Jose Tapia.csv,15.6
2021.06.14.18.42.45_veh-12_04086_04221,10,408,Merge one lane to the left. Make a stop at the stop sign. Yield to oncoming traffic and turn left. Enter the drop off zone and stop.  ,Both,giovanni,./staging/labels - Jose Tapia.csv,39.8
2021.06.14.11.44.56_veh-35_01145_01297,327,633,Stop at the red light. ,Static Referential,giovanni,./staging/labels - Jose Tapia.csv,30.6
2021.08.17.17.55.18_veh-43_01240_01704,893,1268,Make a stop at the upcoming intersection. Turn right. ,Both,giovanni,./staging/labels - Jose Tapia.csv,37.5
2021.06.14.18.42.45_veh-12_05000_05079,28,193,Make a stop for the red light. ,Static Referential,giovanni,./staging/labels - Jose Tapia.csv,16.5
2021.07.09.20.59.12_veh-38_03292_04331,1787,2084,Turn left at the intersection. ,Dynamic Referential,giovanni,./staging/labels - Jose Tapia.csv,29.7
2021.06.09.18.23.43_veh-35_00026_00274,529,688,Look for oncoming vehicles before leaving the drop off zone.,Ambiguous,giovanni,./staging/labels - Jose Tapia.csv,15.9
2021.06.09.17.37.09_veh-12_01386_01454,75,265,Stop for the red light and the people walking. ,Static Referential,giovanni,./staging/labels - Jose Tapia.csv,19.0
2021.05.12.23.36.44_veh-35_00152_00504,437,1108,,Non-Referential,giovanni,./staging/labels - Jose Tapia.csv,67.1
2021.06.14.13.28.41_veh-12_03457_03543,139,415,Wait for the people to finish crossing.,Ambiguous,giovanni,./staging/labels - Jose Tapia.csv,27.6
2021.09.15.14.00.15_veh-28_00770_00852,142,367,Turn left. Make a stop at the upcoming stop sign. ,Dynamic Referential,giovanni,./staging/labels - Jose Tapia.csv,22.5
2021.10.01.14.20.36_veh-28_01151_01286,62,284,Stop at the upcoming intersection. ,Static Referential,giovanni,./staging/labels - Jose Tapia.csv,22.2
2021.06.14.16.48.02_veh-12_04492_04604,348,503,Make a stop at the upcoming intersection.,Static Referential,giovanni,./staging/labels - Jose Tapia.csv,15.5
2021.06.14.13.28.41_veh-12_00005_00158,314,575,,Non-Referential,giovanni,./staging/labels - Jose Tapia.csv,26.1
2021.06.09.14.03.17_veh-12_01094_01213,351,520,,Non-Referential,giovanni,./staging/labels - Jose Tapia.csv,16.9
2021.06.23.14.58.13_veh-35_00175_00744,1569,2379,Merge one lane to the right. Turn into the right turning lane. Look for oncoming traffic before turning right. Stop at the drop off zone. Look for oncoming vehicles before procceding. ,Both,giovanni,./staging/labels - Jose Tapia.csv,81.0
2021.06.09.14.03.17_veh-12_03798_04118,444,1195,Turn left. Stop the red traffic light. Stop behind the white vehicle during the red light. Merge one lane to the right. ,Both,giovanni,./staging/labels - Jose Tapia.csv,75.1
2021.10.01.19.16.42_veh-28_02903_03140,129,703,Stop at the stop sign. Make another stop at the next stop sign. Turn right at the intersection. ,Static Referential,giovanni,./staging/labels - Jose Tapia.csv,57.4
2021.08.17.16.57.11_veh-08_00206_00331,79,282,,Non-Referential,giovanni,./staging/labels - Jose Tapia.csv,20.3
2021.06.09.17.37.09_veh-12_01801_01925,0,395,Wait for the persons to cross before procceding. Yield to the oncoming traffic and make a left turn. Enter the drop off zone.,Both,giovanni,./staging/labels - Jose Tapia.csv,39.5
2021.09.15.11.49.23_veh-28_00081_00237,380,553,Make a U-turn. ,Dynamic Referential,giovanni,./staging/labels - Jose Tapia.csv,17.3
2021.06.14.14.25.15_veh-26_00398_00578,571,872,Turn left at the upcoming intersection. At the next red traffic light make a stop.  ,Both,giovanni,./staging/labels - Jose Tapia.csv,30.1
2021.06.14.18.13.35_veh-26_00713_00818,248,453,,Non-Referential,giovanni,./staging/labels - Jose Tapia.csv,20.5
2021.06.09.14.58.55_veh-35_04695_05321,743,1938,Look for oncoming vehicles to leave the drop off zone. Make a stop at the stop sign. Look for oncoming traffic. Turn right. Stop at the red light. Turn left at the intersection. Merge one lane to the right. ,Both,giovanni,./staging/labels - Jose Tapia.csv,119.5
2021.06.14.16.32.09_veh-35_01219_01415,229,728,Stop behind the grey vehicle during the red light.,Static Referential,giovanni,./staging/labels - Jose Tapia.csv,49.9
2021.06.09.12.51.31_veh-35_03229_03360,303,509,Merge into the left turning lane.,Dynamic Referential,giovanni,./staging/labels - Jose Tapia.csv,20.6
2021.07.16.01.22.41_veh-14_00572_01716,1277,2313,"Look for oncoming traffic before leaving the drop off zone. Make a stop at the stop sign, and look for oncoming traffic. Turn left. Enter the diamond services. Follow the white van. Enter the drop off zone and stop. Look for oncoming vehicles before leaving the drop off zone. Stop at the upcoming red traffic light. ",Both,giovanni,./staging/labels - Jose Tapia.csv,103.6
2021.10.06.14.31.13_veh-28_00362_00475,110,502,Shift to the left part of the lane to pass the vehicles in front. Stop at the stop sign. Turn left. ,Both,giovanni,./staging/labels - Jose Tapia.csv,39.2
2021.05.12.19.36.12_veh-35_01400_01643,352,1202,Stop behind the white vehicle during the red light. Merge one lane to the right. Turn right at the next intersection. Park at the drop off zone.,Both,giovanni,./staging/labels - Jose Tapia.csv,85.0
2021.10.01.19.16.42_veh-28_00274_00380,328,480,Stop at the stop sign. ,Static Referential,giovanni,./staging/labels - Jose Tapia.csv,15.2
2021.08.17.18.43.12_veh-43_02784_02851,138,322,Stop for the upcoming stop sign. At the next stop sign make a stop. ,Static Referential,giovanni,./staging/labels - Jose Tapia.csv,18.4
2021.06.14.18.13.35_veh-26_01150_01320,149,711,Stop at the red light. ,Static Referential,giovanni,./staging/labels - Jose Tapia.csv,56.2
2021.08.17.18.43.12_veh-43_02784_02851,110,318,Turn right at the upcoming intersection. Make a stop at the stop sign. Once again stop at the next stop sign.,Both,giovanni,./staging/labels - Jose Tapia.csv,20.8
2021.08.17.18.13.38_veh-45_00946_01854,1705,2055,Follow the white vehicle. At the intersection turn left. ,Both,giovanni,./staging/labels - Jose Tapia.csv,35.0
2021.10.06.18.52.07_veh-28_01297_01462,134,504,Cross when the people finish crossing. Stop. Stop for the pedestrian crossing.,Dynamic Referential,giovanni,./staging/labels - Jose Tapia.csv,37.0
2021.05.12.23.36.44_veh-35_00785_01041,833,1084,,Non-Referential,giovanni,./staging/labels - Jose Tapia.csv,25.1
2021.06.23.17.31.36_veh-16_01904_02129,127,897,Merge one lane over to the right. Turn into the right turn lane. Look for oncoming vehicles. Turn right. Enter the drop off zone. Stop. Look for oncoming vehicles before leaving the drop of zone. ,Both,giovanni,./staging/labels - Jose Tapia.csv,77.0
2021.08.17.14.45.12_veh-42_00312_00531,578,939,Stop at the stop sing. Turn right. Shift to the left side of the lane to avoid the firetruck. Pull into the curb and stop. At the upcoming stop make a stop and turn left. ,Both,giovanni,./staging/labels - Jose Tapia.csv,36.1
2021.09.15.15.34.53_veh-28_01820_02314,1483,1658,Look for oncoming traffic before turning right. Make a stop at the red light. ,Dynamic Referential,giovanni,./staging/labels - Jose Tapia.csv,17.5
2021.06.09.11.54.15_veh-12_02734_02946,155,874,Merge one lane over to the right. Make a stop for the red traffic light. ,Both,giovanni,./staging/labels - Jose Tapia.csv,71.9
2021.10.01.17.52.06_veh-28_00450_00599,17,231,Stop for the red light at the intersection. ,Static Referential,giovanni,./staging/labels - Jose Tapia.csv,21.4
2021.08.17.16.48.45_veh-43_03137_03245,275,492,,Non-Referential,giovanni,./staging/labels - Jose Tapia.csv,21.7
2021.06.09.14.58.55_veh-35_01894_02311,843,1623,Make a left turn at the intersection. Merge one lane to the right. At the upcoming intersection stop for the red traffic light. ,Both,giovanni,./staging/labels - Jose Tapia.csv,78.0
2021.07.09.16.12.19_veh-26_02509_02592,247,401,Merge one lane to the left. Stop at the stop sign. Yield to the oncoming vehicle.,Dynamic Referential,giovanni,./staging/labels - Jose Tapia.csv,15.4
2021.07.09.17.06.37_veh-35_00049_00237,12,624,Stop behind the black vehicle. Turn left at the intersection. Merge one lane to the left and make a stop at the stop sign. Yield to oncoming traffic and turn left. Enter the building.,Both,giovanni,./staging/labels - Jose Tapia.csv,61.2
2021.05.12.19.36.12_veh-35_00005_00204,134,432,,Non-Referential,giovanni,./staging/labels - Jose Tapia.csv,29.8
2021.09.15.13.12.49_veh-39_00022_00104,168,343,Slow down for the pedestrian crossing the street.,Dynamic Referential,giovanni,./staging/labels - Jose Tapia.csv,17.5
2021.08.17.18.54.02_veh-45_02105_02189,137,365,Stop at the next intersection for the red light. Turn right. ,Dynamic Referential,giovanni,./staging/labels - Jose Tapia.csv,22.8
2021.06.23.20.43.31_veh-16_03607_04007,528,1322,Make a stop behind the black vehicle during the red light. Follow the black vehicle. Make a stop at the intersection for the red light.,Both,giovanni,./staging/labels - Jose Tapia.csv,79.4
2021.10.01.13.28.54_veh-28_00607_00973,116,847,At the intersection with the green light make a left turn. Stop behind the black vehicle. At the next intersection make another left turn. Make a right turn. Stop for the upcoming intersection.,Dynamic Referential,giovanni,./staging/labels - Jose Tapia.csv,73.1
2021.08.17.16.48.45_veh-43_01837_02038,83,439,During the green light at the intersection make a right turn. ,Dynamic Referential,giovanni,./staging/labels - Jose Tapia.csv,35.6
2021.06.14.17.26.26_veh-38_04285_04392,216,378,,Non-Referential,giovanni,./staging/labels - Jose Tapia.csv,16.2
2021.06.14.11.44.56_veh-35_02399_02672,1097,1343,Stop behind the bus during the red light. ,Static Referential,giovanni,./staging/labels - Jose Tapia.csv,24.6
2021.06.09.11.54.15_veh-12_00689_01229,589,1653,Turn left at the green intersection. Merge one lane to the right. Merge one to the right and come to a stop at the red light. ,Dynamic Referential,giovanni,./staging/labels - Jose Tapia.csv,106.4
2021.07.16.00.51.05_veh-17_01352_01901,1675,1848,,Non-Referential,giovanni,./staging/labels - Jose Tapia.csv,17.3
2021.06.09.14.03.17_veh-12_01603_01708,264,501,Take a left turn once the people finished walking. At the next intersection make a stop. ,Dynamic Referential,giovanni,./staging/labels - Jose Tapia.csv,23.7
2021.09.15.16.51.15_veh-28_00005_00160,16,429,Make a U-Turn at the end of the road. Make a stop the upcoming stop sign. ,Both,giovanni,./staging/labels - Jose Tapia.csv,41.3
2021.06.14.18.33.41_veh-35_01970_02043,17,356,Merge one lane to the left and come to a stop at the red light. ,Dynamic Referential,giovanni,./staging/labels - Jose Tapia.csv,33.9
2021.05.12.22.00.38_veh-35_00129_00204,41,207,,Non-Referential,giovanni,./staging/labels - Jose Tapia.csv,16.6
2021.06.14.18.42.45_veh-12_03445_03902,534,1942,Merge one lane to the right. Follow the white truck. At the next crosswalk turn right. Enter the diamond services and stop at a drop off zone. Look for oncoming vehicles before leaving the drop off zone. Stop at the red traffic light. ,Both,giovanni,./staging/labels - Jose Tapia.csv,140.8
2021.06.14.13.27.42_veh-35_03142_03404,52,680,Merge one lane to the left. Follow the white vehicle ahead. Stop at the upcoming red traffic light. ,Both,giovanni,./staging/labels - Jose Tapia.csv,62.8
2021.09.15.16.51.15_veh-28_00176_00329,543,756,Yield to oncoming vehicles before making a left turn at the intersection.,Dynamic Referential,giovanni,./staging/labels - Jose Tapia.csv,21.3
2021.06.14.17.26.26_veh-38_01293_01488,138,743,"Yield to an oncoming vehicle before turning left. Enter the building and stop at the drop off zones. Look for oncoming vehicles before leaving the drop off zone. At the stop sign make a stop. Stop for the people crossing, and make another stop at the traffic light. Turn left at the intersection.",Both,giovanni,./staging/labels - Jose Tapia.csv,60.5
2021.10.06.13.21.47_veh-28_01648_01722,95,272,Make a stop for the red light. ,Static Referential,giovanni,./staging/labels - Jose Tapia.csv,17.7
2021.06.14.16.48.02_veh-12_02317_02401,185,405,"Merge on lane to the left. Stop for the pedestrians crossing, and stop for the red traffic light. ",Dynamic Referential,giovanni,./staging/labels - Jose Tapia.csv,22.0
2021.07.09.02.42.50_veh-35_00038_02629,467,1954,"Turn left at the intersection. Stop for the pedestrians crossing the road. Merge one lane to the left. Stop at the upcoming stop sign. Yield to oncoming traffic before turning left,  enter a building drop off zone and stop. Go a little more ahead in the drop off zone. Once more.  ",Both,giovanni,./staging/labels - Jose Tapia.csv,148.7
2021.06.09.14.58.55_veh-35_03927_04034,332,487,Make a left turn at the intersection. Merge one lane to the right.,Dynamic Referential,giovanni,./staging/labels - Jose Tapia.csv,15.5
2021.06.14.13.27.42_veh-35_05029_05340,852,1255,Make a stop for the stop sign. Yield towards oncoming vehicles before making a left turn at the intersection. Stop at a drop off zone. ,Dynamic Referential,giovanni,./staging/labels - Jose Tapia.csv,40.3
2021.06.14.18.33.41_veh-35_02054_02129,65,358,,Non-Referential,giovanni,./staging/labels - Jose Tapia.csv,29.3
2021.06.09.17.37.09_veh-12_04340_04478,99,621,"Enter the diamond services seven, and merge into the drop off zone. Look for oncoming vehicles before leaving the drop off zone. Stop for the upcoming red light. ",Both,giovanni,./staging/labels - Jose Tapia.csv,52.2
2021.06.14.13.28.41_veh-12_03221_03301,71,330,Slow down and merge one lane to the right to pass the vehicles in front. ,Dynamic Referential,giovanni,./staging/labels - Jose Tapia.csv,25.9
2021.06.14.18.13.35_veh-26_04964_05075,41,407,Merge one lane to the right. Stop behind the grey vehicle.,Both,giovanni,./staging/labels - Jose Tapia.csv,36.6
2021.09.15.15.02.19_veh-39_00214_00558,1246,1487,"Merge to the left lane to avoid the mail truck, and come back to original lane. Stop for the red traffic light",Dynamic Referential,giovanni,./staging/labels - Jose Tapia.csv,24.1
2021.06.23.16.54.19_veh-35_00016_00755,1324,2449,Stop behind the grey vehicle during the red light. ,Static Referential,giovanni,./staging/labels - Jose Tapia.csv,112.5
2021.06.14.18.42.45_veh-12_01065_01152,103,371,Yield to the oncoming vehicles and turn left into the building. Enter the drop off zone and stop. ,Both,giovanni,./staging/labels - Jose Tapia.csv,26.8
2021.06.09.14.03.17_veh-12_02213_02304,109,375,,Non-Referential,giovanni,./staging/labels - Jose Tapia.csv,26.6
2021.06.14.16.32.09_veh-35_03129_03220,153,373,Stop at the stop sign. Turn left at the yield sign. Enter the building drop off zone.,Both,giovanni,./staging/labels - Jose Tapia.csv,22.0
2021.06.14.13.28.41_veh-12_03841_04014,471,707,Merge into the left lane and stop at the stop sign.,Static Referential,giovanni,./staging/labels - Jose Tapia.csv,23.6
2021.06.14.13.27.42_veh-35_04001_04236,337,1155,"Enter the buildings drop off zone and stop. Leave the drop off zone and stop at the stop sign, and look for oncoming vehicles before turning right. Merge one lane to the left. Stop at the next intersection. ",Both,giovanni,./staging/labels - Jose Tapia.csv,81.8
2021.06.09.14.58.55_veh-35_04360_04484,385,576,,Non-Referential,giovanni,./staging/labels - Jose Tapia.csv,19.1
2021.09.15.14.50.05_veh-28_00389_00508,298,566,Stop at the upcoming red traffic light. Turn left at the intersection. STOP. ,Both,giovanni,./staging/labels - Jose Tapia.csv,26.8
2021.08.17.16.48.45_veh-43_03137_03245,210,478,,Non-Referential,giovanni,./staging/labels - Jose Tapia.csv,26.8
2021.09.15.14.00.15_veh-28_01611_01874,355,1017,Stop at the intersection for the red light. Stop at the upcoming intersection with a red light. Once more stop behind a grey truck during the red light at the intersection. ,Static Referential,giovanni,./staging/labels - Jose Tapia.csv,66.2
2021.09.15.12.32.43_veh-28_00202_00323,205,551,Turn right. Stop at the stop sign. Look for oncoming traffic and turn left. ,Both,giovanni,./staging/labels - Jose Tapia.csv,34.6
2021.09.15.12.32.43_veh-28_01410_01501,176,405,Shift to the left to avoid hitting the parked vehicles. Stop at the stop sign.,Dynamic Referential,giovanni,./staging/labels - Jose Tapia.csv,22.9
2021.06.14.17.26.26_veh-38_01177_01256,231,387,Turn right at the intersection. Stop for the pedestrians crossing the road.,Dynamic Referential,giovanni,./staging/labels - Jose Tapia.csv,15.6
2021.10.11.07.47.13_veh-50_00886_00952,8,202,Follow the arrows. Look for oncoming traffic. ,Ambiguous,giovanni,./staging/labels - Jose Tapia.csv,19.4
2021.06.09.18.23.43_veh-35_03804_03956,359,573,,Non-Referential,giovanni,./staging/labels - Jose Tapia.csv,21.4
2021.06.14.16.32.09_veh-35_00100_00272,264,558,Turn left at the intersection. Merge one lane to the right. Stop at the red light. ,Non-Referential,giovanni,./staging/labels - Jose Tapia.csv,29.4
2021.07.16.16.08.35_veh-35_00805_01292,976,1165,,Non-Referential,giovanni,./staging/labels - Jose Tapia.csv,18.9
2021.06.14.16.48.02_veh-12_00721_00828,36,486,Follow the white vehicle in front. ,Non-Referential,giovanni,./staging/labels - Jose Tapia.csv,45.0
2021.06.14.18.33.41_veh-35_02521_03356,884,2344,Merge one lane into the right side. Merge once again to the right lane and take a right turn. Merge into the left lane and stop for the stop sign and pedestrian crossing. Yield to oncoming traffic and turn left. Enter the drop off zone and stop near the enterence. Leave the drop off zone. Look for oncoming traffic before turning right. Slow down and merge behind the black vehicle and stop at the red traffic light.,Both,giovanni,./staging/labels - Jose Tapia.csv,146.0
2021.07.09.16.12.19_veh-26_06964_07035,53,270,,Non-Referential,giovanni,./staging/labels - Jose Tapia.csv,21.7
2021.08.17.15.02.08_veh-45_01756_01966,343,940,Turn right at the green intersection. Merge into the left turning lane and stop for the red traffic light. Turn left. Make a stop at the upcoming stop sign.,Both,giovanni,./staging/labels - Jose Tapia.csv,59.7
2021.08.17.16.48.45_veh-43_01676_01764,47,292,"Stop for the red traffic light, ",Static Referential,giovanni,./staging/labels - Jose Tapia.csv,24.5
2021.06.09.11.54.15_veh-12_03917_04069,295,569,,Non-Referential,giovanni,./staging/labels - Jose Tapia.csv,27.4
2021.06.09.17.37.09_veh-12_03132_03193,4,192,Merge one lane to the right side. ,Non-Referential,giovanni,./staging/labels - Jose Tapia.csv,18.8
2021.06.14.18.33.41_veh-35_00355_00477,125,295,Stop for the pedestrians and red light at the intersection. ,Non-Referential,giovanni,./staging/labels - Jose Tapia.csv,17.0
2021.10.01.19.16.42_veh-28_03307_03808,1978,2406,Make a stop at the upcoming red traffic light. Look for oncoming traffic and merge into the left lane to causing traffic.,Dynamic Referential,giovanni,./staging/labels - Jose Tapia.csv,42.8
2021.05.12.19.36.12_veh-35_00215_00405,284,805,Stop behind the black vehicle in front and procced once green. Stop at the upcoming intersection. ,Static Referential,giovanni,./staging/labels - Jose Tapia.csv,52.1
2021.06.23.14.58.13_veh-35_01831_02026,238,781,,Non-Referential,giovanni,./staging/labels - Jose Tapia.csv,54.3
2021.06.14.16.48.02_veh-12_00721_00828,284,442,,Non-Referential,giovanni,./staging/labels - Jose Tapia.csv,15.8
2021.10.01.17.52.06_veh-28_01141_01264,347,537,Turn right at the intersection. ,Dynamic Referential,giovanni,./staging/labels - Jose Tapia.csv,19.0
2021.06.09.14.03.17_veh-12_02112_02202,78,410,Turn right at the intersection. Merge one lane to the right side. Stop at the upcoming red traffic light. ,Both,giovanni,./staging/labels - Jose Tapia.csv,33.2
2021.06.14.13.27.42_veh-35_04001_04236,136,289,Make a stop at the stop sign. ,Static Referential,giovanni,./staging/labels - Jose Tapia.csv,15.3
2021.10.06.17.43.07_veh-28_01354_01536,169,736,Merge into the left lane to pass the truck on blocking the right lane. At the upcoming intersection make a stop and turn right.  Look for oncoming traffic and turn left. Slightly shift to the left to avoid hitting any of the stationary vehicles. ,Both,giovanni,./staging/labels - Jose Tapia.csv,56.7
2021.06.09.17.23.18_veh-38_05239_05412,144,724,,Non-Referential,giovanni,./staging/labels - Jose Tapia.csv,58.0
2021.06.09.17.23.18_veh-38_03095_03280,574,816,,Non-Referential,giovanni,./staging/labels - Jose Tapia.csv,24.2
2021.06.14.18.13.35_veh-26_03030_03119,206,397,,Non-Referential,giovanni,./staging/labels - Jose Tapia.csv,19.1
2021.09.15.14.27.22_veh-39_00038_00414,19,947,Yield for oncoming traffic to make a lef turn at the intersection. At the next intersection take a right turn. ,Dynamic Referential,giovanni,./staging/labels - Jose Tapia.csv,92.8
2021.10.01.17.52.06_veh-28_00327_00427,141,470,Yield for the oncoming traffic before turning left. Stop for the pedestrians crossing the street. ,Dynamic Referential,giovanni,./staging/labels - Jose Tapia.csv,32.9
2021.10.06.17.43.07_veh-28_01587_01694,285,437,,Non-Referential,giovanni,./staging/labels - Jose Tapia.csv,15.2
2021.06.14.18.33.41_veh-35_00488_00562,5,317,Wait for the people crossing at the crosswalk before turning left. Stop at the next traffic light. ,Both,giovanni,./staging/labels - Jose Tapia.csv,31.2
2021.06.09.14.50.36_veh-26_01698_01771,122,335,Merge into the left lane. Stop at the intersection during a red light. ,Both,giovanni,./staging/labels - Jose Tapia.csv,21.3
2021.07.09.16.12.19_veh-26_02509_02592,46,287,Merge into the riight turning lane and turn right. Stop for the pedestrians at the crosswalk. Merge into the left lane and stop at the stop sign.,Both,giovanni,./staging/labels - Jose Tapia.csv,24.1
2021.07.16.16.01.30_veh-38_00016_00333,62,1124,Make a stop at the stop sign and look for oncoming traffic before making a right turn. Merge into the left lane and wait for the ceniment roller to move. Stop athe the upcoming intersection. Turn left.  ,Both,giovanni,./staging/labels - Jose Tapia.csv,106.2
2021.06.14.14.25.15_veh-26_03964_04278,660,1329,Merge into the right turning lane and turn right at the intersection. Merge into the left lane. Merge further into the left lane and make a stop at the stop sign. Turn left at the yield sign. Enter the drop off zone and stop behind a van.,Both,giovanni,./staging/labels - Jose Tapia.csv,66.9
2021.08.17.13.15.12_veh-45_00565_00643,207,362,Turn right at the intersection. ,Dynamic Referential,giovanni,./staging/labels - Jose Tapia.csv,15.5
2021.06.23.14.58.13_veh-35_01831_02026,593,916,Merge into the right lane. ,Dynamic Referential,giovanni,./staging/labels - Jose Tapia.csv,32.3
2021.08.17.14.45.12_veh-42_00092_00301,625,969,Turn left. At the upcoming intersection make a right turn.,Dynamic Referential,giovanni,./staging/labels - Jose Tapia.csv,34.4
2021.06.14.17.26.26_veh-38_02740_03036,212,372,,Non-Referential,giovanni,./staging/labels - Jose Tapia.csv,16.0
2021.06.09.14.50.36_veh-26_03403_03496,163,337,Make a stop at the intersection during a red light. ,Static Referential,giovanni,./staging/labels - Jose Tapia.csv,17.4
2021.10.01.19.16.42_veh-28_01731_01935,299,992,Look for oncoming vehicles before making a right turn. Merge to the right lane to avoid causing traffic and procced. Merge into the left lane. Stop for the upcoming intersection during the red light. ,Both,giovanni,./staging/labels - Jose Tapia.csv,69.3
2021.06.09.11.54.15_veh-12_05414_05511,24,425,Stop at the intersection and procced once green. Merge into the right lane. ,Both,giovanni,./staging/labels - Jose Tapia.csv,40.1
2021.06.09.14.58.55_veh-35_02861_03037,231,701,Yield for the oncoming vehicles and turn left. Enter the drop off zone and stop. Stop at the upcoming stop sign and look for incoming traffic. Turn right. ,Both,giovanni,./staging/labels - Jose Tapia.csv,47.0
2021.06.14.13.27.42_veh-35_02028_02106,28,254,Merge to the left lane. Stop for the upcoming intersection.,Dynamic Referential,giovanni,./staging/labels - Jose Tapia.csv,22.6
2021.06.14.14.03.45_veh-38_01547_01613,135,296,Enter the diamond service seven and taxi building.,Static Referential,giovanni,./staging/labels - Jose Tapia.csv,16.1
2021.07.16.16.01.30_veh-38_00016_00333,658,1164,Turn left at the intersection. Stop at the next intersection. ,Both,giovanni,./staging/labels - Jose Tapia.csv,50.6
2021.06.14.18.33.41_veh-35_00488_00562,90,356,Stop at the intersection with a red light. Make another stop at the at the upcoming red light.,Static Referential,giovanni,./staging/labels - Jose Tapia.csv,26.6
2021.06.14.18.13.35_veh-26_05600_05660,141,294,Merge into the right lane. Turn right at the intersection and merge into the left lane.,Dynamic Referential,giovanni,./staging/labels - Jose Tapia.csv,15.3
2021.06.14.11.44.56_veh-35_03389_04017,907,1310,Merge one lane to the right and stop for the upcoming red traffic light. ,Dynamic Referential,giovanni,./staging/labels - Jose Tapia.csv,40.3
2021.09.15.14.27.22_veh-39_01281_01346,112,270,Stop at the stop sign and turn left. At the next stop sign make another stop.,Static Referential,giovanni,./staging/labels - Jose Tapia.csv,15.8
2021.09.15.11.49.23_veh-28_02192_02253,24,192,,Non-Referential,giovanni,./staging/labels - Jose Tapia.csv,16.8
2021.05.12.19.36.12_veh-35_00416_00557,391,610,,Non-Referential,giovanni,./staging/labels - Jose Tapia.csv,21.9
2021.07.09.20.26.06_veh-35_03898_05974,306,2242,Stop behind the white vehicle. Merge one lane to the right. Stop for the upcoming intersection with a red traffic light. Follow the black vehicle.  Turn right at the crosswalk after the peoople finishded crossing. Enter the diamond seven and stop at a drop off zone.,Both,giovanni,./staging/labels - Jose Tapia.csv,193.6
2021.10.01.14.20.36_veh-28_01491_01630,279,585,Wait for the pedestrian to cross and make a left turn after. ,Dynamic Referential,giovanni,./staging/labels - Jose Tapia.csv,30.6
2021.06.14.11.44.56_veh-35_00938_01134,205,937,Merge one lane into the right. Merge one more lane to the right turning lane and stop at the red light. Turn right. Slow down and let the pedestrians cross at the crosswalk. Procced after. Merge one lane to the left and make a stop at the stop sign. Yield to the oncoming car and turn left.,Both,giovanni,./staging/labels - Jose Tapia.csv,73.2
2021.06.09.14.50.36_veh-26_01124_01198,210,361,Enter the diamond seven services and enter the drop off zone.,Both,giovanni,./staging/labels - Jose Tapia.csv,15.1
2021.06.09.18.23.43_veh-35_02945_03099,577,749,,Non-Referential,giovanni,./staging/labels - Jose Tapia.csv,17.2
2021.06.09.17.37.09_veh-12_01465_01790,796,1313,Merge one lane to the right. Merge into the right turning lane and turn right at the upcoming intersection.,Dynamic Referential,giovanni,./staging/labels - Jose Tapia.csv,51.7
2021.10.06.13.21.47_veh-28_01002_01116,11,561,Merge into the right lane to avoid the deliverly truck. Slow down and merge back into the left lane behind the deliverly truck. ,Dynamic Referential,giovanni,./staging/labels - Jose Tapia.csv,55.0
2021.08.17.13.15.12_veh-45_00565_00643,222,382,Turn right at the upcoming intersection. Merge into the left turning lane.,Dynamic Referential,giovanni,./staging/labels - Jose Tapia.csv,16.0
2021.06.23.20.00.35_veh-35_00130_00949,1056,1625,Look for oncoming vehicles before merging back into the lane. Turn left at the upcoming intersection. ,Dynamic Referential,giovanni,./staging/labels - Jose Tapia.csv,56.9
2021.10.01.18.26.05_veh-28_01689_01890,181,750,Merge into the left lane to avoid a stationary vehicle. Merge back into the right lane and come to a stop at the stop sing. Make another stop and turn right. At the upcoming stop sign make another stop. ,Both,giovanni,./staging/labels - Jose Tapia.csv,56.9
2021.06.09.14.03.17_veh-12_03584_03667,137,302,Merge into the right lane behind the red vehicle. ,Dynamic Referential,giovanni,./staging/labels - Jose Tapia.csv,16.5
2021.07.09.20.59.12_veh-38_00773_01187,1006,1871,Turn left at the intersection. Make a stop at the next upcoming red traffic light. Make another stop at the next red traffic light. Merge one lane to the right. ,Both,giovanni,./staging/labels - Jose Tapia.csv,86.5
2021.06.23.17.31.36_veh-16_01812_01883,30,291,Make a stop at the intersection.,Static Referential,giovanni,./staging/labels - Jose Tapia.csv,26.1
2021.06.14.14.25.15_veh-26_04936_05073,485,649,Make a stop at the intersection. At the next intersection make  a another stop.,Static Referential,giovanni,./staging/labels - Jose Tapia.csv,16.4
2021.05.12.23.36.44_veh-35_01133_01535,1492,1965,Turn left at the intersection. Merge one lane over to the right. At the upcoming stop sign make another stop. ,Both,giovanni,./staging/labels - Jose Tapia.csv,47.3
2021.07.16.00.24.14_veh-38_00367_01154,1239,1918,Turn left at the intersection. At the next intersection make another stop. Merge one lane over to the right and make a stop for the red light. Merge one lane to the right.,Dynamic Referential,giovanni,./staging/labels - Jose Tapia.csv,67.9
2021.07.16.01.22.41_veh-14_02626_04289,474,1364,Turn left at the intersection. Make a stop behind a bus during the red light. ,Both,giovanni,./staging/labels - Jose Tapia.csv,89.0
2021.06.23.20.43.31_veh-16_00016_00216,129,793,Enter the diamond seven services and spot at the drop off zone. Wait and look for oncoming vehicles to pass before procceding. Make a stop at the next intersection. ,Both,giovanni,./staging/labels - Jose Tapia.csv,66.4
2021.07.16.00.51.05_veh-17_00023_01331,711,1321,Turn left at the intersection. Merge one lane to the right side.,Dynamic Referential,giovanni,./staging/labels - Jose Tapia.csv,61.0
2021.06.14.17.26.26_veh-38_01499_01849,1023,1216,,Non-Referential,giovanni,./staging/labels - Jose Tapia.csv,19.3
2021.08.17.13.10.50_veh-08_00313_00564,1044,1211,Look for oncoming vehicles before leaving the curb. Make a stop at the stop sign. ,Both,giovanni,./staging/labels - Jose Tapia.csv,16.7
2021.06.09.14.50.36_veh-26_01124_01198,40,343,Wait for pedestrians to finishing crossing the crosswalk and turn right. Enter the diamond seven services. Go into the drop off zone and make a stop.,Both,giovanni,./staging/labels - Jose Tapia.csv,30.3
2021.09.15.14.50.05_veh-28_01740_01833,90,415,Make a stop at the upcoming intersection. ,Static Referential,giovanni,./staging/labels - Jose Tapia.csv,32.5
2021.10.01.13.28.54_veh-28_01421_01615,194,561,Turn left at theintersection. Make a stop at the upcoming red traffic lights. At the next apporaching intersection make a stop at the red light.,Both,giovanni,./staging/labels - Jose Tapia.csv,36.7
2021.06.09.14.50.36_veh-26_01124_01198,143,342,Enter the diamond seven star building and stop behind the black vehicle in the drop off zone.  ,Both,giovanni,./staging/labels - Jose Tapia.csv,19.9
2021.06.14.14.25.15_veh-26_01236_01585,55,515,,Non-Referential,giovanni,./staging/labels - Jose Tapia.csv,46.0
2021.06.14.16.32.09_veh-35_03231_03426,118,629,Turn right. Wait for pedestrians to finish crossing before procceding. Make a stop at the intersection during the red light. Turn left at the intersection. Merge one lane to the right side.,Both,giovanni,./staging/labels - Jose Tapia.csv,51.1
2021.06.14.14.03.45_veh-38_01927_01996,167,320,Turn right at the intersection. Merge one lane to the left side. ,Dynamic Referential,giovanni,./staging/labels - Jose Tapia.csv,15.3
2021.07.09.16.12.19_veh-26_06527_06591,79,265,,Non-Referential,giovanni,./staging/labels - Jose Tapia.csv,18.6
2021.06.23.17.31.36_veh-16_02150_02774,1410,2521,Merge to the furthest right lane and stop behind the grey vehicle during the red light. ,Dynamic Referential,giovanni,./staging/labels - Jose Tapia.csv,111.1
2021.10.11.02.57.41_veh-50_02155_02265,297,522,,Non-Referential,giovanni,./staging/labels - Jose Tapia.csv,22.5
2021.10.01.14.20.36_veh-28_01491_01630,377,660,Turn left at the SEMIS loading docks.,Dynamic Referential,giovanni,./staging/labels - Jose Tapia.csv,28.3
2021.07.09.20.26.06_veh-35_00016_01757,1006,2399,Enter a buildings drop off zone and wait for the pedestrians to move before procceding. Make a stop at the drop off zone. Look for oncoming vehicles before procceding. Stop at the stop sign and turn right. Merge onto the left lane. Make a stop for the upcoming intersection. Turn left.,Both,giovanni,./staging/labels - Jose Tapia.csv,139.3
2021.06.14.11.44.56_veh-35_03389_04017,167,2158,Turn left at the intersection. Merge one lane to the right side. Make a stop for the upcoming intersection. Merge one lane to the right side again. At the next intersection make a stop for the red light. Turn right at the crosswalk.  Enter the diamond seven star and head to the drop off zone and make a stop. Look for oncoming vehicles before leaving. Wait for the pedestrian to cross.  Make a stop for the upcoming intersection.,Both,giovanni,./staging/labels - Jose Tapia.csv,199.1
2021.10.01.18.26.05_veh-28_00005_00413,748,1248,Turn right at the intersection. Stop at the upcoming red traffic light. Turn right at the intersection. At the next intersection make a stop.,Dynamic Referential,giovanni,./staging/labels - Jose Tapia.csv,50.0
2021.10.11.08.31.07_veh-50_02360_02684,1042,1531,Stop and look for oncoming traffic before making a right turn. Enter LHN parking. ,Dynamic Referential,giovanni,./staging/labels - Jose Tapia.csv,48.9
2021.05.12.22.28.35_veh-35_00126_00339,415,628,Stop behind the black vehicle during the red light.,Static Referential,giovanni,./staging/labels - Jose Tapia.csv,21.3
2021.06.09.11.54.15_veh-12_01705_01845,373,668,,Non-Referential,giovanni,./staging/labels - Jose Tapia.csv,29.5
2021.06.14.17.26.26_veh-38_04403_04533,2,587,"Wait for the pedestrians to finishing crossing the crosswalk and turn right. Enter the diamond , take a right and go into the drop off zone and make a stop. Look for oncoming traffic befoe leaving the drop off zone. Stop at the next intersection.",Both,giovanni,./staging/labels - Jose Tapia.csv,58.5
2021.06.09.14.58.55_veh-35_02861_03037,651,826,Make a stop at the intersection. ,Static Referential,giovanni,./staging/labels - Jose Tapia.csv,17.5
2021.08.17.16.57.11_veh-08_01200_01636,508,979,"Turn left at the intersection. Merge into the left turn lane, and turn left at the intersection. Make a stop at the stop sign. At the next intersection turn right.",Dynamic Referential,giovanni,./staging/labels - Jose Tapia.csv,47.1
2021.10.11.02.57.41_veh-50_02428_02548,436,587,,Non-Referential,giovanni,./staging/labels - Jose Tapia.csv,15.1
2021.06.09.14.50.36_veh-26_00063_00350,215,998,Follow the black vehicle and make a right turn. Wait for the pedestrians to finish crossing and turn right at the crosswalk. ,Dynamic Referential,giovanni,./staging/labels - Jose Tapia.csv,78.3
2021.06.14.18.42.45_veh-12_00547_00777,26,1108,Wait for the pedestrians to finishing cross and turn right at the crosswalk. Enter the diamond star seven and go into the drop off zone and make a stop. Look for oncoming traffic before leaving the drop off zone. Stop at the next intersection during the red light. ,Both,giovanni,./staging/labels - Jose Tapia.csv,108.2
2021.06.14.11.44.56_veh-35_04178_05084,1009,2392,"Turn left at the intersection. Merge one lane to the right side. Make a sstop at the intersection coming up. Merge one lane to the left, and make a stop at the red traffic light.",Dynamic Referential,giovanni,./staging/labels - Jose Tapia.csv,138.3
2021.06.14.18.33.41_veh-35_01363_01636,1140,1351,Turn left at the intersection. Make a stop at the next intersection during the red light.,Both,giovanni,./staging/labels - Jose Tapia.csv,21.1
2021.10.11.02.57.41_veh-50_01522_02088,982,2084,"Turn left at the intersection. Make a stop at the stop sign, and look for oncoming traffic and turn left. Turn left and flow the arrows. Look for oncoming traffic ansd turn left. At the next stop sign make a stop and turn left. Stop at the intersection with the red traffic lights. Turn left. ",Both,giovanni,./staging/labels - Jose Tapia.csv,110.2
2021.06.09.14.50.36_veh-26_05326_05387,79,256,Merge one lane to the right side. ,Dynamic Referential,giovanni,./staging/labels - Jose Tapia.csv,17.7
2021.10.01.19.16.42_veh-28_00274_00380,366,523,Stop and look for oncoming vehicles before making a right turn.,Dynamic Referential,giovanni,./staging/labels - Jose Tapia.csv,15.7
2021.05.12.19.36.12_veh-35_01654_01733,229,387,,Non-Referential,giovanni,./staging/labels - Jose Tapia.csv,15.8
2021.06.14.17.26.26_veh-38_03162_03227,74,263,"Enter the diamond seven star building, and pull into the drop off zone.",Both,giovanni,./staging/labels - Jose Tapia.csv,18.9
2021.06.09.12.39.51_veh-26_02901_02978,22,333,Merge one lane to the right side. Megre once more into the right turning lane.,Dynamic Referential,giovanni,./staging/labels - Jose Tapia.csv,31.1
2021.06.09.11.54.15_veh-12_05342_05403,63,295,"Turn left at the intersection, and make a stop at the next intersection.",Both,giovanni,./staging/labels - Jose Tapia.csv,23.2
2021.06.14.18.42.45_veh-12_04838_04927,187,354,,Non-Referential,giovanni,./staging/labels - Jose Tapia.csv,16.7
2021.10.01.15.32.11_veh-28_00120_00248,200,383,Make a stop at the apporaching stop sign. ,Static Referential,giovanni,./staging/labels - Jose Tapia.csv,18.3
2021.10.06.18.52.07_veh-28_00123_00431,65,813,"Make a stop at the upcoming stop sign, and make a right turn. Shift to the left to pass the trailer coming out. Stop at the stop sign. Make another stop at the upcoming stop sign, and turn right. ",Both,giovanni,./staging/labels - Jose Tapia.csv,74.8
2021.06.14.17.26.26_veh-38_05048_05270,831,1018,,Non-Referential,giovanni,./staging/labels - Jose Tapia.csv,18.7
2021.08.17.16.48.45_veh-43_02693_03062,1035,1313,Stop at the approaching stop sign. At the next stop sign make another stop. ,Static Referential,giovanni,./staging/labels - Jose Tapia.csv,27.8
2021.08.17.15.02.08_veh-45_00860_01324,1048,1327,Turn left at the intersection. Pull into the curb and stop. Look for oncoming traffic before leaving the curb and continur. Make a stop at the upcoming stop sign. ,Both,giovanni,./staging/labels - Jose Tapia.csv,27.9
2021.06.14.14.25.15_veh-26_02009_02099,147,423,"Make a stop at the intersection during the red traffic light, ",Static Referential,giovanni,./staging/labels - Jose Tapia.csv,27.6
2021.06.23.14.06.20_veh-26_02505_02775,149,1227,"Merge one lane to the right, and once more into the right turning lane.",Dynamic Referential,giovanni,./staging/labels - Jose Tapia.csv,107.8
2021.06.14.13.27.42_veh-35_00005_00123,300,553,Look for oncoming vehicles befoere leaving the drop off zone. Make a stop at the stop sign. Look for oncoming vehicles and then make a right turn.,Both,giovanni,./staging/labels - Jose Tapia.csv,25.3
2021.06.09.12.39.51_veh-26_02338_02459,133,561,"Merge one lane into the right side, and make a stop for the upcoming red ltraffic ight. ",Both,giovanni,./staging/labels - Jose Tapia.csv,42.8
2021.10.06.14.31.13_veh-28_00589_00665,125,357,At the upcoming intersection make a right turn. ,Dynamic Referential,giovanni,./staging/labels - Jose Tapia.csv,23.2
2021.06.09.18.23.43_veh-35_02344_02669,948,1506,Make a stop at the upcoming red traffic light. ,Static Referential,giovanni,./staging/labels - Jose Tapia.csv,55.8
2021.07.09.01.37.16_veh-26_00692_00762,88,283,,Non-Referential,giovanni,./staging/labels - Jose Tapia.csv,19.5
2021.10.11.05.34.05_veh-50_00697_00766,94,277,"Follow the arrows on the ground, and look for oncoming traffic before making a left turn. ",Both,giovanni,./staging/labels - Jose Tapia.csv,18.3
2021.06.23.20.43.31_veh-16_00016_00216,841,994,Make a left turn at the intersection.,Dynamic Referential,giovanni,./staging/labels - Jose Tapia.csv,15.3
2021.10.06.13.21.47_veh-28_01755_01829,147,348,"Come to a stop at the stop sign ahead, and make a left turn. Pull into the curbside on the right side and stop.",Both,giovanni,./staging/labels - Jose Tapia.csv,20.1
2021.10.06.18.52.07_veh-28_01474_01908,1981,2138,Follow the school bus. ,Ambiguous,giovanni,./staging/labels - Jose Tapia.csv,15.7
2021.08.17.19.18.39_veh-08_00696_00823,98,305,,Non-Referential,giovanni,./staging/labels - Jose Tapia.csv,20.7
2021.06.14.17.26.26_veh-38_03162_03227,26,301,"Make a turn once the pedestrians cross the crosswalk. Enter the diamond seven services, and go into the drop off zone and make a stop.",Both,giovanni,./staging/labels - Jose Tapia.csv,27.5
2021.06.14.11.44.56_veh-35_02696_02932,737,1107,,Non-Referential,giovanni,./staging/labels - Jose Tapia.csv,37.0
2021.08.17.18.43.12_veh-43_02889_03258,1601,1834,Make a stop at the upcomong intersection. At the next stop sign up ahead make another stop.,Static Referential,giovanni,./staging/labels - Jose Tapia.csv,23.3
2021.05.12.23.36.44_veh-35_01585_01724,271,613,Follow the white vehicle. Slow down and merge one lane to the left behind the blue vehicle. ,Dynamic Referential,giovanni,./staging/labels - Jose Tapia.csv,34.2
2021.10.01.18.26.05_veh-28_01211_01323,165,379,,Non-Referential,giovanni,./staging/labels - Jose Tapia.csv,21.4
2021.06.14.16.32.09_veh-35_03231_03426,549,933,"Turn left at the intersection, and merge one lane to the right. Make a stop behind the grey vehicle .",Both,giovanni,./staging/labels - Jose Tapia.csv,38.4
2021.06.09.19.40.26_veh-12_02031_02228,230,489,"Wait for the pedestrians to finish crossing, make a right turn at the crosswalk. ",Both,giovanni,./staging/labels - Jose Tapia.csv,25.9
2021.07.09.01.37.16_veh-26_05530_05595,55,257,,Non-Referential,giovanni,./staging/labels - Jose Tapia.csv,20.2
2021.06.14.18.42.45_veh-12_05000_05079,80,270,Stop at the red traffic light. Merge one lane into the right side.,Both,giovanni,./staging/labels - Jose Tapia.csv,19.0
2021.06.09.18.23.43_veh-35_03804_03956,248,701,Make a stop at the upcoming red traffic light.,Static Referential,giovanni,./staging/labels - Jose Tapia.csv,45.3
2021.06.14.17.26.26_veh-38_05760_05896,497,658,,Non-Referential,giovanni,./staging/labels - Jose Tapia.csv,16.1
2021.06.14.16.32.09_veh-35_03635_03792,31,262,Make a stop at the upcoming intersection with a red traffic light.  ,Static Referential,giovanni,./staging/labels - Jose Tapia.csv,23.1
2021.06.09.11.54.15_veh-12_03121_03319,752,952,"Turn left at the intersection, and make a stop at next red traffic light. ",Both,giovanni,./staging/labels - Jose Tapia.csv,20.0
2021.06.09.17.23.18_veh-38_02094_02305,863,1041,,Non-Referential,giovanni,./staging/labels - Jose Tapia.csv,17.8
2021.10.06.13.21.47_veh-28_01755_01829,157,336,"Make a stop at the stop sign, look for oncoming traffic and make a left turn. Merge into the curbside and make a stop.",Both,giovanni,./staging/labels - Jose Tapia.csv,17.9
2021.06.09.18.23.43_veh-35_00799_01004,347,958,Stop behind the white vehicle during the red traffic light. ,Static Referential,giovanni,./staging/labels - Jose Tapia.csv,61.1
2021.07.09.23.23.48_veh-26_01454_02217,1379,1982,,Non-Referential,giovanni,./staging/labels - Jose Tapia.csv,60.3
2021.06.14.13.28.41_veh-12_02612_02703,284,434,,Non-Referential,giovanni,./staging/labels - Jose Tapia.csv,15.0
2021.06.09.14.58.55_veh-35_03048_03301,980,1141,"Merge one lane to the right side, and merge once more to the right.",Dynamic Referential,giovanni,./staging/labels - Jose Tapia.csv,16.1
2021.06.14.18.33.41_veh-35_01647_01714,15,241,Slow down and merge one lane to the right.,Dynamic Referential,giovanni,./staging/labels - Jose Tapia.csv,22.6
2021.06.23.22.05.48_veh-16_00287_00591,1000,1506,,Non-Referential,giovanni,./staging/labels - Jose Tapia.csv,50.6
2021.08.17.13.15.12_veh-45_00691_00794,215,435,Make a stop at the stop sign. Pull into the curbside and stop. Look for oncoming vehicles before procceding.,Both,giovanni,./staging/labels - Jose Tapia.csv,22.0
2021.10.11.07.47.13_veh-50_01513_02138,353,1393,"Make a right turn. Turn right at the next intersection. Merge into the left lane to avoid the blue deliverly vehicle and merge back into original lane. Turn right at the next intersection. Make a stop at the upcoming stop sign, and look for oncoming traffic and make left turn. Look for oncoming vehicles, and yield to oncoming vehicles and turn left. Turn left at the next intersection. Merge in and out of the original lane to avoid hitting the stationary vehicles.  ",Both,giovanni,./staging/labels - Jose Tapia.csv,104.0
2021.06.14.18.33.41_veh-35_01647_01714,113,309,Merge one lane to the right side. ,Dynamic Referential,giovanni,./staging/labels - Jose Tapia.csv,19.6
2021.08.17.16.48.45_veh-43_02070_02652,66,423,Turn left at the intersection. ,Dynamic Referential,giovanni,./staging/labels - Jose Tapia.csv,35.7
2021.10.11.07.47.13_veh-50_01190_01452,1154,1304,,Non-Referential,giovanni,./staging/labels - Jose Tapia.csv,15.0
2021.06.09.19.40.26_veh-12_00133_00268,128,416,Yield to oncoming vehicles and turn left. Enter the building drop off zone and make a stop. ,Both,giovanni,./staging/labels - Jose Tapia.csv,28.8
2021.06.23.17.31.36_veh-16_01617_01791,449,636,,Non-Referential,giovanni,./staging/labels - Jose Tapia.csv,18.7
2021.08.17.13.10.50_veh-08_00122_00295,143,798,Turn left at the intersection. Yield to oncoming traffic at the intersection and turn left. At the next intersection make a left turn.,Dynamic Referential,giovanni,./staging/labels - Jose Tapia.csv,65.5
2021.06.14.18.13.35_veh-26_04964_05075,109,383,Merge one lane to the right side. Follow the grey vehicle.,Both,giovanni,./staging/labels - Jose Tapia.csv,27.4
2021.06.14.16.48.02_veh-12_04978_05337,339,1605,Merge one lane to the right side. Make a stop at the red light. Merge one lane to the right side. Follow the red truck. ,Both,giovanni,./staging/labels - Jose Tapia.csv,126.6
2021.06.14.18.42.45_veh-12_00789_00920,377,602,Make a stop at the red light. Speed up and merge one lane to the right side. ,Dynamic Referential,giovanni,./staging/labels - Jose Tapia.csv,22.5
2021.09.15.13.52.55_veh-39_00643_00807,583,798,Turn left at the intersection. Merge one lane to the right side. ,Dynamic Referential,giovanni,./staging/labels - Jose Tapia.csv,21.5
2021.06.23.18.23.38_veh-26_01238_01416,372,837,"Wait for the pedestrians to finish crossing, and turn right at the crosswalk. Enter a tan building and make a stop at the drop off zone. Look for oncoming vehicles before leaving the drop off zone.",Both,giovanni,./staging/labels - Jose Tapia.csv,46.5
2021.06.09.17.37.09_veh-12_01215_01375,291,686,"Wait for the pedestrians to finish crossing, and make a right turn. Enter the seven star building.",Both,giovanni,./staging/labels - Jose Tapia.csv,39.5
2021.06.14.16.32.09_veh-35_04114_04359,583,854,"Merge into the right turnning lane, and make a right turn at the intersection. Merge one lane to the left.",Both,giovanni,./staging/labels - Jose Tapia.csv,27.1
2021.07.16.01.22.41_veh-14_01737_01980,606,882,Follow the grey vehicle in front. ,Static Referential,giovanni,./staging/labels - Jose Tapia.csv,27.6
2021.07.16.00.24.14_veh-38_01447_01621,219,592,Make a right turn at the crosswalk once the pedestrians finish crossing. ,Dynamic Referential,giovanni,./staging/labels - Jose Tapia.csv,37.3
2021.06.23.14.06.20_veh-26_02505_02775,626,947,Follow the orange vehicle. ,Static Referential,giovanni,./staging/labels - Jose Tapia.csv,32.1
2021.07.09.15.53.28_veh-38_04273_04767,919,1549,"Wait for an oncoming vehicle, and make a right turn. Merge one lane to the left. Make a stop at the upcoming intersection with a red traffic light. Turn left at the intersection, and mege one lane to the right side. Make another stop at the upcoming intersection with red traffic lights.",Both,giovanni,./staging/labels - Jose Tapia.csv,63.0
2021.06.09.11.54.15_veh-12_02540_02723,208,860,"Make a stop at the stop sign, look for oncoming vehicles and make a right turn. Merge one lane to the left and make a stop at the upcoming red traffic lights. Turn left. Mege one lane to the right side.",Both,giovanni,./staging/labels - Jose Tapia.csv,65.2
2021.07.16.16.01.30_veh-38_00356_02486,1962,2501,,Non-Referential,giovanni,./staging/labels - Jose Tapia.csv,53.9
2021.06.14.18.13.35_veh-26_05422_05488,147,301,Make a stop at the red traffic light. ,Static Referential,giovanni,./staging/labels - Jose Tapia.csv,15.4
2021.06.14.13.27.42_veh-35_02614_02842,652,855,,Non-Referential,giovanni,./staging/labels - Jose Tapia.csv,20.3
2021.06.23.14.06.20_veh-26_01192_01541,1257,1559,Make a stop at the red traffic lights. ,Static Referential,giovanni,./staging/labels - Jose Tapia.csv,30.2
2021.06.23.18.23.38_veh-26_00069_00642,145,522,Turn left at the intersection. ,Dynamic Referential,giovanni,./staging/labels - Jose Tapia.csv,37.7
2021.06.14.16.32.09_veh-35_00283_00357,70,259,,Non-Referential,giovanni,./staging/labels - Jose Tapia.csv,18.9
2021.09.15.12.32.43_veh-28_02111_02342,532,851,Turn left at the docking bay. Make a stop at the docking bay for some pedestrians. ,Both,giovanni,./staging/labels - Jose Tapia.csv,31.9
2021.08.17.16.48.45_veh-43_01439_01665,119,865,"Make a stop at the stop sign. Make another stop at the upcoming stop sign, make another stop at the stop sign and turn left. Stop for the red traffic lights at the intersection. Turn right.",Both,giovanni,./staging/labels - Jose Tapia.csv,74.6
2021.06.09.17.23.18_veh-38_04163_04245,160,331,Make a stop at the upcoming intersection. ,Static Referential,giovanni,./staging/labels - Jose Tapia.csv,17.1
2021.10.06.17.08.46_veh-28_01127_01287,99,739,"Turn left at the intersection. Yield to oncoming vehicles , and make another left turn. Slightly go left to avoid the grey vehicle, make a stop at the stop sign and turn right. ",Both,giovanni,./staging/labels - Jose Tapia.csv,64.0
2021.06.14.16.32.09_veh-35_00016_00087,76,292,Make a stop the red traffic light. ,Static Referential,giovanni,./staging/labels - Jose Tapia.csv,21.6
2021.06.09.12.51.31_veh-35_01729_02626,1371,2280,"Turn left at the intersection, and come to a stop for the red light. Make another stop at the upcoming red traffic lights. Slow down and merge behind the grey vehicle. Make a stop at the upcoming red traffic lights. ",Both,giovanni,./staging/labels - Jose Tapia.csv,90.9
2021.07.16.01.22.41_veh-14_00015_00547,94,2089,"Stop at the intersection at the red traffic light. Merge one lane to the left and come to a stop. Turn left at the intersection. Merge one lane to the left and stop at the stop sign. Yield to oncoming traffic before making a left turn. Enter the building drop off zone and come to a stop. Check for oncoming vehicles before leaving the drop off zone, then stop at the stop sign and make a right turn. Wait for the pedestrians to cross before proceeding. Stop at the intersection at the red traffic light. Turn left at the intersection. Merge one lane to the right. Stop at the upcoming red traffic light.",Both,giovanni,./staging/labels - Jose Tapia.csv,199.5
2021.06.09.14.03.17_veh-12_03014_03120,272,476,,Non-Referential,giovanni,./staging/labels - Jose Tapia.csv,20.4
2021.06.14.13.28.41_veh-12_01779_02059,534,1222,"Yield to the oncoming vehicles and turn left. Enter the building drop off zone and make a stop. Look for oncoming vehicles before leaving the drop off zone. Stop at the stop sign, look for oncoming vehicles and turn right. Merge one lane to the left. Wait for the pedestrian to cross before procceding, and make a stop at the intersection during the red light.",Both,giovanni,./staging/labels - Jose Tapia.csv,68.8
2021.06.09.11.54.15_veh-12_02288_02529,869,1089,Wait for the pedestrians to cross and turn right. Merge one lane to the left. ,Dynamic Referential,giovanni,./staging/labels - Jose Tapia.csv,22.0
2021.06.09.17.37.09_veh-12_01386_01454,95,330,,Non-Referential,giovanni,./staging/labels - Jose Tapia.csv,23.5
2021.05.12.23.36.44_veh-35_00152_00504,136,1463,Follow the black vehicle. STOP. ,Ambiguous,giovanni,./staging/labels - Jose Tapia.csv,132.7
2021.07.09.15.53.28_veh-38_00184_02293,367,1266,Merge one lane to the right side. Merge one lane to the right side again. Merge into the right turning lane and make a stop for the red traffic light. Look for oncoming vehicles and turn right. Merge one lane to the left and make a stop at the stop sign.  Yield to oncoming traffice and turn left into the building. Enter the building drop off zone and make a stop.  ,Both,giovanni,./staging/labels - Jose Tapia.csv,89.9
2021.10.11.05.34.05_veh-50_00697_00766,5,325,Take a slight right to avoid the vehicles and follow the arrows on the floor. Look for oncoming traffic and make a left turn. ,Both,giovanni,./staging/labels - Jose Tapia.csv,32.0
2021.05.12.22.28.35_veh-35_00126_00339,323,542,,Non-Referential,giovanni,./staging/labels - Jose Tapia.csv,21.9
2021.06.14.16.32.09_veh-35_02618_02873,909,1108,,Non-Referential,giovanni,./staging/labels - Jose Tapia.csv,19.9
2021.10.01.15.32.11_veh-28_00025_00097,171,336,Merge into the left side of the lane to avoid the trailers coming out.,Dynamic Referential,giovanni,./staging/labels - Jose Tapia.csv,16.5
2021.06.14.14.25.15_veh-26_03201_03386,495,702,Make  a stop at the red traffic light. ,Static Referential,giovanni,./staging/labels - Jose Tapia.csv,20.7
2021.06.14.18.13.35_veh-26_04547_04710,260,510,"Yield to oncoming vehicles, make a left turn. Enter the buildings drop off zone and make a stop.",Both,giovanni,./staging/labels - Jose Tapia.csv,25.0
2021.06.14.18.42.45_veh-12_00789_00920,383,622,Make a stop at the intersection. Merge one lane to the right side. ,Dynamic Referential,giovanni,./staging/labels - Jose Tapia.csv,23.9
2021.10.06.19.27.33_veh-28_00302_00794,1361,1935,Turn right at the intersection. Make a stop behind black vehicle during the red light. Turn right at the intersection. ,Dynamic Referential,giovanni,./staging/labels - Jose Tapia.csv,57.4
2021.07.09.20.26.06_veh-35_03314_03877,832,2035,"Stop at the stop sign. Yield to oncoming vehicles, and turn left. ENter the buildings drop off zone and make a stop at the enterance. Look for oncoming vehicles before leaving the drop off zone, and make a stop at the stop sign. Turn right and merge one lane to the left. Stop at the upcoming intersection with red lights. Turn left at the intersection, merge one lane to the right.  ",Both,giovanni,./staging/labels - Jose Tapia.csv,120.3
2021.09.15.12.32.43_veh-28_01070_01157,81,428,Turn left at the intersection. Come to a stop for the next intersection for the red light. ,Both,giovanni,./staging/labels - Jose Tapia.csv,34.7
2021.09.15.14.50.05_veh-28_01740_01833,247,458,Make a stop at the intersection ahead. ,Static Referential,giovanni,./staging/labels - Jose Tapia.csv,21.1
2021.06.14.16.32.09_veh-35_05038_05402,804,1429,Turn left at the intersection and make a stop for the intersection after.,Both,giovanni,./staging/labels - Jose Tapia.csv,62.5
2021.06.14.20.14.09_veh-26_00612_01016,122,512,Turn right at the crosswalk once all people finish walking across. E,Dynamic Referential,giovanni,./staging/labels - Jose Tapia.csv,39.0
2021.09.15.14.27.22_veh-39_00665_00745,176,340,,Non-Referential,giovanni,./staging/labels - Jose Tapia.csv,16.4
2021.06.09.17.23.18_veh-38_05239_05412,387,775,,Non-Referential,giovanni,./staging/labels - Jose Tapia.csv,38.8
2021.06.09.14.50.36_veh-26_05398_05800,200,1646,"Wait for the people to finish walking on the crosswalk before making a right turn. Enter the diamond seven star drop off zones and make a stop. Look for oncoming vehicles before leaving the drop off zone.Make a stop at the intersection during the red light.Turn left at the intersection, stop at the intersection afterwards. Make another stop at the upcoming intersection during the red light. ",Both,giovanni,./staging/labels - Jose Tapia.csv,144.6
2021.07.16.16.08.35_veh-35_00132_00784,1052,2346,Slow down and merge into the right lane behind the grey vehicle. Stop for the red traffic light. ,Both,giovanni,./staging/labels - Jose Tapia.csv,129.4
2021.10.06.17.08.46_veh-28_00016_00116,266,446,Make a stop for the stop sign. Merge into the right lane.,Both,giovanni,./staging/labels - Jose Tapia.csv,18.0
2021.10.01.19.16.42_veh-28_02011_02410,1229,1570,Make a stop at the intersection during the red light. Turn right.,Both,giovanni,./staging/labels - Jose Tapia.csv,34.1
2021.10.06.17.08.46_veh-28_01626_01702,12,371,Turn left at the intersection. At the intersection make a stop during the red lights. Stop once again at the upcoming red traffic light.,Both,giovanni,./staging/labels - Jose Tapia.csv,35.9
2021.08.17.15.02.08_veh-45_02003_02086,60,402,"Stop at the upcoming stop sign, and turn left. At the intersection make a stop.",Both,giovanni,./staging/labels - Jose Tapia.csv,34.2
2021.05.12.22.28.35_veh-35_00350_00568,152,656,"Wait for the pedestrians crossing to turn right, and enter the diamond seven star drop off zone and stop. Look for oncoming vehicle before leaving the drop off zone. ",Both,giovanni,./staging/labels - Jose Tapia.csv,50.4
2021.08.17.18.43.12_veh-43_02784_02851,161,321,Make a stop at the upcoming stop sign. At the stop sign afterwards make another stop.,Static Referential,giovanni,./staging/labels - Jose Tapia.csv,16.0
2021.06.23.20.43.31_veh-16_00016_00216,364,556,Make a stop for the red light at the intersection. ,Static Referential,giovanni,./staging/labels - Jose Tapia.csv,19.2
2021.10.06.14.31.13_veh-28_00362_00475,160,547,Make a stop at the stop sign and turn left. Stop at the stop sign and turn right. ,Both,giovanni,./staging/labels - Jose Tapia.csv,38.7
2021.06.09.11.54.15_veh-12_04366_04810,900,1299,"Wait for the family to finish crossing , merge one lane to the left and stop for the stop sign. Yield to oncoming vehicles and turn left. Enter the buildings drop off zone and stop. ",Both,giovanni,./staging/labels - Jose Tapia.csv,39.9
2021.10.06.14.31.13_veh-28_00014_00079,17,304,Make a stop at the upcoming stop sign and turn right. Stay in the middle to avoid colliding with an trailer coming out or vehicle stationary.,Both,giovanni,./staging/labels - Jose Tapia.csv,28.7
2021.06.23.16.52.00_veh-26_00038_00602,1908,2154,,Non-Referential,giovanni,./staging/labels - Jose Tapia.csv,24.6
2021.09.15.16.17.26_veh-28_01450_01544,238,457,"Make a stop at the stop sign, look for oncoming vehicles and turn right. ",Both,giovanni,./staging/labels - Jose Tapia.csv,21.9
2021.08.17.18.13.38_veh-45_00641_00881,465,882,At the intersection make a stop and wait for the vehicle in front to fully cross before going . Merge to the left turning lane and stop at the red light.,Both,giovanni,./staging/labels - Jose Tapia.csv,41.7
2021.05.12.19.36.12_veh-35_00416_00557,463,639,,Non-Referential,giovanni,./staging/labels - Jose Tapia.csv,17.6
2021.06.09.11.54.15_veh-12_00689_01229,949,1838,Merge one lane to the right side. Make a stop at the red lights upcoming. ,Both,giovanni,./staging/labels - Jose Tapia.csv,88.9
2021.10.01.19.16.42_veh-28_00274_00380,25,284,Make a stop at the stop sign. Follow the trailer. Make another stop  at the stop sign. ,Static Referential,giovanni,./staging/labels - Jose Tapia.csv,25.9
2021.06.09.11.54.15_veh-12_00361_00678,629,886,,Non-Referential,giovanni,./staging/labels - Jose Tapia.csv,25.7
2021.06.09.17.37.09_veh-12_02639_02992,123,1440,"Merge into the right turning lane. Turn right. Merge one lane to the left side. Merge one lane to the left once again. Make a stop at the stop sign. Yield to the person crossing and turn left. Enter the buildings drop off zone and make a stop. Look for oncoming vehicles to leave to drop off zone, come to a stop at the stop sign and turn right. Merge one lane to the left side and make a stop at the upcoming red light.",Both,giovanni,./staging/labels - Jose Tapia.csv,131.7
2021.06.09.14.58.55_veh-35_03390_03537,470,726,,Non-Referential,giovanni,./staging/labels - Jose Tapia.csv,25.6
2021.06.14.18.42.45_veh-12_05170_05261,52,342,,Non-Referential,giovanni,./staging/labels - Jose Tapia.csv,29.0
2021.06.23.17.31.36_veh-16_00634_01421,881,1955,Turn left at the intersection. Follow the grey vehicle. Stop for the red light.,Both,giovanni,./staging/labels - Jose Tapia.csv,107.4
2021.09.15.14.00.15_veh-28_01274_01543,937,1087,"Turn left at the intersection. Merge into the left intersection, and come to a stop for the stop sign.",Both,giovanni,./staging/labels - Jose Tapia.csv,15.0
2021.06.09.17.37.09_veh-12_01801_01925,123,427,"Yield to the pedestrians to finish crossing and vehicles oncoming, turn left. Enter the building drop off zone and make a stop. Look for vehicle before leaving drop off zone.",Both,giovanni,./staging/labels - Jose Tapia.csv,30.4
2021.06.14.14.03.45_veh-38_05222_05347,217,516,"Turn left at the intersection, and make a stop at the next red traffic lights. ",Both,giovanni,./staging/labels - Jose Tapia.csv,29.9
2021.06.14.17.26.26_veh-38_01078_01166,89,303, Make a stop for the red light. Merge one lane to the right side.,Both,giovanni,./staging/labels - Jose Tapia.csv,21.4
2021.06.09.18.23.43_veh-35_00799_01004,219,470,Stop for the stop sign. ,Static Referential,giovanni,./staging/labels - Jose Tapia.csv,25.1
2021.06.14.19.22.11_veh-38_01871_02040,257,594,,Non-Referential,giovanni,./staging/labels - Jose Tapia.csv,33.7
2021.06.09.19.40.26_veh-12_00133_00268,286,548,,Non-Referential,giovanni,./staging/labels - Jose Tapia.csv,26.2
2021.10.06.17.08.46_veh-28_01127_01287,534,778,"Turn into left lane to avoid vehicle, stop for the stop sign and make a right turn. ",Both,giovanni,./staging/labels - Jose Tapia.csv,24.4
2021.06.09.17.23.18_veh-38_02450_02515,126,311,Wait for the people to finish crossing at the crosswalk and turn right. ,Dynamic Referential,giovanni,./staging/labels - Jose Tapia.csv,18.5
2021.06.14.17.26.26_veh-38_03086_03150,129,291,,Non-Referential,giovanni,./staging/labels - Jose Tapia.csv,16.2
2021.06.09.17.37.09_veh-12_02445_02566,362,580,Merge one lane into the right side. ,Dynamic Referential,giovanni,./staging/labels - Jose Tapia.csv,21.8
2021.08.17.18.43.12_veh-43_00125_00805,732,1675,"At the intersection make a stop for the red light. Merge to the right side. Stop for the red lights, and make a right turn. Pull into the curbside and stop. Look for oncoming vehicles before leaving and stop for the stop sign. Turn left. Stop for the red light. Turn right, make another stop for the next intersection red traffic lights.",Both,giovanni,./staging/labels - Jose Tapia.csv,94.3
2021.08.17.15.02.08_veh-45_01348_01731,769,1652,"Turn right at the intersection. Merge into the left turning lane, yield to oncoming vehicles and turn left. Pull into the curbside and make a stop. Look for oncoming vehicles and leave the curbside. Stop for the upcoming stop sign, and make a right turn. Stop at the next stop sign, make a right turn and pull into the curbside. ",Both,giovanni,./staging/labels - Jose Tapia.csv,88.3
2021.06.09.17.23.18_veh-38_02094_02305,855,1027,,Non-Referential,giovanni,./staging/labels - Jose Tapia.csv,17.2
2021.06.09.18.23.43_veh-35_02344_02669,1111,1323,Make a stop at the intersection red lights.,Static Referential,giovanni,./staging/labels - Jose Tapia.csv,21.2
2021.08.17.16.48.45_veh-43_00451_00871,1303,1806,"Yield to oncoming vehicles and turn left. Turn right at the intersection, pull into the curbside. Look for oncoming vehicles before leaving curbside. Make a stop at the stop sign, turning right.",Both,giovanni,./staging/labels - Jose Tapia.csv,50.3
2021.06.14.18.13.35_veh-26_04058_04170,29,237,Enter the diamond seven star drop off zone and make a stop. ,Static Referential,giovanni,./staging/labels - Jose Tapia.csv,20.8
2021.09.15.14.00.15_veh-28_01274_01543,273,675,Merge one lane to the left and once again shift a lane to the left. Stop for the red traffic lights. ,Both,giovanni,./staging/labels - Jose Tapia.csv,40.2
2021.08.17.18.43.12_veh-43_00125_00805,1808,2512,,Non-Referential,giovanni,./staging/labels - Jose Tapia.csv,70.4
2021.06.09.14.03.17_veh-12_01225_01437,603,800,,Non-Referential,giovanni,./staging/labels - Jose Tapia.csv,19.7
2021.06.14.13.27.42_veh-35_05029_05340,973,1335,Yield to on coming vehicles and make a turn left into the building. Enter the drop off zone and make a stop.  ,Both,giovanni,./staging/labels - Jose Tapia.csv,36.2
2021.06.09.12.39.51_veh-26_00492_00587,59,302,Make a stop for the red light at the intersection. ,Static Referential,giovanni,./staging/labels - Jose Tapia.csv,24.3
2021.06.14.18.33.41_veh-35_00654_00887,471,1058,"Turn right at the crosswalk, and merge one lane to the left. Merge one lane to the lerft and make a stop for the upcoming stop sign. At the yield sign turn left and enter the building. Enter the drop off zone and make a stop. ",Both,giovanni,./staging/labels - Jose Tapia.csv,58.7
2021.08.17.14.32.33_veh-08_00521_01051,1474,2538,"Look for oncoming vehicles before leaving the curbside. Make a stop at the upcoming red light, turn left. Make another stop at the upcoming intersection with a red light.  Merge one lane to the left turning lane and make a stop. Turn left. ",Both,giovanni,./staging/labels - Jose Tapia.csv,106.4
2021.06.14.16.48.02_veh-12_02601_02668,61,323,Make a stop at the red traffic light. ,Static Referential,giovanni,./staging/labels - Jose Tapia.csv,26.2
2021.10.01.14.20.36_veh-28_00825_00919,139,348,Make a stop at the red light intersection. Merge to the right lane.,Both,giovanni,./staging/labels - Jose Tapia.csv,20.9
2021.06.14.13.27.42_veh-35_00842_00940,258,476,Follow the white vehicle and merge one lane to the right side. Merge one lane to the right turning lane. ,Dynamic Referential,giovanni,./staging/labels - Jose Tapia.csv,21.8
2021.10.06.18.52.07_veh-28_01072_01157,206,418,Stop for the stop sign.,Static Referential,giovanni,./staging/labels - Jose Tapia.csv,21.2
2021.06.09.14.50.36_veh-26_01698_01771,190,353,Make a stop for the intersection with a red light. ,Static Referential,giovanni,./staging/labels - Jose Tapia.csv,16.3
2021.08.17.18.54.02_veh-45_00511_00579,24,248,"Stop for the red traffic light. At the next upcoming stop sign make a stop, and look for oncoming vehicles.",Static Referential,giovanni,./staging/labels - Jose Tapia.csv,22.4
2021.06.14.11.44.56_veh-35_00453_00731,691,1126,At the crosswalk wait for the people to finish cossing to make a right turn. Enter the diamond seven star building.,Both,giovanni,./staging/labels - Jose Tapia.csv,43.5
2021.08.17.15.02.08_veh-45_00505_00606,301,497,Make a stop for the stop sign. Stop at the upcoming stop sign.,Static Referential,giovanni,./staging/labels - Jose Tapia.csv,19.6
2021.10.01.17.52.06_veh-28_01441_01573,357,510,,Non-Referential,giovanni,./staging/labels - Jose Tapia.csv,15.3
2021.07.09.20.59.12_veh-38_02064_03281,1603,2169,Enter the diamond seven star building drop off zone and make a stop. Look for oncoming vehicles before leaving the drop off zone. Make a stop at the upcoming intersection during the red light. ,Both,giovanni,./staging/labels - Jose Tapia.csv,56.6
2021.06.14.13.28.41_veh-12_02414_02601,773,926,"Turn left at the intersection, and make a stop for the next intersection with the red traffic light",Both,giovanni,./staging/labels - Jose Tapia.csv,15.3
2021.06.14.11.44.56_veh-35_02399_02672,1134,1317,,Non-Referential,giovanni,./staging/labels - Jose Tapia.csv,18.3
2021.06.14.11.44.56_veh-35_02696_02932,38,340,Make a stop at the crosswalk and wait for the people before making a right turn. ,Both,giovanni,./staging/labels - Jose Tapia.csv,30.2
2021.06.09.17.23.18_veh-38_03302_03414,401,553,,Non-Referential,giovanni,./staging/labels - Jose Tapia.csv,15.2
2021.06.23.16.54.19_veh-35_03436_03683,403,1007,Stop behind the vehicle during the red traffic light. ,Static Referential,giovanni,./staging/labels - Jose Tapia.csv,60.4
2021.06.14.13.28.41_veh-12_00906_01063,408,677,"Yield to oncoming vehicles, turn left and enter the buildings drop off zone. Make a stop. Look for oncoming vehicles before leaving the drop off zone.",Both,giovanni,./staging/labels - Jose Tapia.csv,26.9
2021.06.14.18.13.35_veh-26_05286_05411,142,508,,Non-Referential,giovanni,./staging/labels - Jose Tapia.csv,36.6
2021.10.11.07.12.18_veh-50_00541_00832,209,631,"Merge into the left turning lane, make a left turn. Turn left into the building.",Dynamic Referential,giovanni,./staging/labels - Jose Tapia.csv,42.2
2021.08.17.14.32.33_veh-08_00521_01051,2018,2253,Make a stop for the upcoming intersection. Merge onto the left turning lane.,Both,giovanni,./staging/labels - Jose Tapia.csv,23.5
2021.05.12.23.36.44_veh-35_01133_01535,948,1109,,Non-Referential,giovanni,./staging/labels - Jose Tapia.csv,16.1
2021.10.01.19.16.42_veh-28_01511_01624,407,558,,Non-Referential,giovanni,./staging/labels - Jose Tapia.csv,15.1
2021.07.09.01.37.16_veh-26_01726_01793,103,254,"Follow the black vehicle, at the crosswalk make a right turn. Merge one lane to the right side. ",Both,giovanni,./staging/labels - Jose Tapia.csv,15.1
2021.05.12.19.36.12_veh-35_01654_01733,62,353,,Non-Referential,giovanni,./staging/labels - Jose Tapia.csv,29.1
2021.05.12.19.36.12_veh-35_00215_00405,537,735,Make a stop at the intersection during the red light.,Static Referential,giovanni,./staging/labels - Jose Tapia.csv,19.8
2021.08.17.14.45.12_veh-42_00092_00301,112,996,"Merge onto the left turning lane , stop at the intersectio during the red light. Make a left turn. Stop for another intersecction and make a left turn. Turn right at the intersection ahead.",Both,giovanni,./staging/labels - Jose Tapia.csv,88.4
2021.10.01.13.28.54_veh-28_00405_00547,167,577,"Make a stop for the pedestrian crossing the crosswalk, turn to the right. Make another stop for the upcoming stop sign. Stop for the next upcoming stop sign.",Both,giovanni,./staging/labels - Jose Tapia.csv,41.0
2021.06.09.18.23.43_veh-35_01584_01691,174,370,,Non-Referential,giovanni,./staging/labels - Jose Tapia.csv,19.6
2021.10.01.17.52.06_veh-28_01364_01428,149,313,Stop for the stop sign.  Look for oncoming vehicles before entering the roundabout.,Both,giovanni,./staging/labels - Jose Tapia.csv,16.4
2021.06.14.18.33.41_veh-35_02054_02129,102,325,,Non-Referential,giovanni,./staging/labels - Jose Tapia.csv,22.3
2021.06.09.14.58.55_veh-35_01785_01883,175,429,,Non-Referential,giovanni,./staging/labels - Jose Tapia.csv,25.4
2021.06.09.14.03.17_veh-12_03344_03461,173,326,,Non-Referential,giovanni,./staging/labels - Jose Tapia.csv,15.3
2021.06.23.15.18.10_veh-26_00165_02848,2128,2457,Look for oncoming vehicles before leaving the drop off zone. Merge one lane to the left side and make a stop for the upcoming intersection with red lights. ,Both,giovanni,./staging/labels - Jose Tapia.csv,32.9
2021.06.14.16.32.09_veh-35_00429_00563,225,586,"Follow the white vehicle in front, wait for pedestrians to finish crossing and make a right turn. Enter the diamond seven start and wait for vehicles to fully merge.",Both,giovanni,./staging/labels - Jose Tapia.csv,36.1
2021.08.17.14.32.33_veh-08_00390_00468,95,362,"Turn right at the intersection. Merge to the left lane, and stop for the upcomong red traffic light. ",Dynamic Referential,giovanni,./staging/labels - Jose Tapia.csv,26.7
2021.08.17.16.48.45_veh-43_00451_00871,7,717,"Turn right at the upcoming intersection. Turn right at the next intersection. Stop for the red light, yield to oncoming vehicles before makiong a left turn. Stop at the next stop sign. Pull into the curbside and become stationary.",Both,giovanni,./staging/labels - Jose Tapia.csv,71.0
2021.10.01.15.32.11_veh-28_00025_00097,184,342,Shift left to the left to avoid the trailer coming out.,Dynamic Referential,giovanni,./staging/labels - Jose Tapia.csv,15.8
2021.06.09.12.51.31_veh-35_00852_01020,177,403,Merge one lane to the left. Make a stop for the upcoming stop sign. ,Both,giovanni,./staging/labels - Jose Tapia.csv,22.6
2021.06.23.14.54.32_veh-16_01011_01166,445,602,,Non-Referential,giovanni,./staging/labels - Jose Tapia.csv,15.7
2021.06.14.13.28.41_veh-12_00005_00158,201,461,Make a stop at the upcoming intersection during the red traffic lights. ,Static Referential,giovanni,./staging/labels - Jose Tapia.csv,26.0
2021.10.11.05.34.05_veh-50_01718_02261,1143,2057,"Look for oncoming vehicles, turn left. At the next intersection make a left turn.  Turn to the left once again at the upcoming intersection. Stop for the red traffic lights. Turn letft. Turn left into the building and follow the arrows on the bottom, and look for oncoming vehicles before turning left. Turn left once again at the upcoming intersection. Turn left into the drop off zone and make a stop,  before making another left turn once leaving.",Both,giovanni,./staging/labels - Jose Tapia.csv,91.4
2021.10.11.05.34.05_veh-50_00189_00398,222,736,Make a stop for the upcoming intersection with red lights. Turn left. Enter the building drop off zone and stop. Look for oncoming vehicles before making a U-Turn and making another stop at the stop sign ahead.,Both,giovanni,./staging/labels - Jose Tapia.csv,51.4
2021.06.09.14.50.36_veh-26_03507_03584,123,310,Stop for the red light. ,Static Referential,giovanni,./staging/labels - Jose Tapia.csv,18.7
2021.06.14.17.26.26_veh-38_04931_05037,225,457,Yield to oncoming vehicles before making a left turn. Enter the buildings drop off zone and make a stop. ,Both,giovanni,./staging/labels - Jose Tapia.csv,23.2
2021.10.01.19.16.42_veh-28_00094_00216,239,438,Stop at the stop sign and make a right turn. ,Static Referential,giovanni,./staging/labels - Jose Tapia.csv,19.9
2021.10.11.02.57.41_veh-50_01343_01501,261,427,Enter the builidng drop off zone.,Ambiguous,giovanni,./staging/labels - Jose Tapia.csv,16.6
2021.06.09.18.23.43_veh-35_03403_03481,41,279,Stop for the red light. ,Static Referential,giovanni,./staging/labels - Jose Tapia.csv,23.8
2021.06.23.17.31.36_veh-16_02795_04024,1904,2259,,Non-Referential,giovanni,./staging/labels - Jose Tapia.csv,35.5
2021.08.17.16.48.45_veh-43_02693_03062,867,1402,"Turn right at the intersection, and pull over to the curbside and stop. Look for oncoming traffic before leaving, make a stop and turn right. Stop for the next upcoming stop sign. Stop for the stop sign. Pull into the curbside and become stationary.",Both,giovanni,./staging/labels - Jose Tapia.csv,53.5
2021.06.14.19.22.11_veh-38_01134_01389,711,973,,Non-Referential,giovanni,./staging/labels - Jose Tapia.csv,26.2
2021.10.11.02.57.41_veh-50_00704_00776,146,349,,Non-Referential,giovanni,./staging/labels - Jose Tapia.csv,20.3
2021.10.01.15.32.11_veh-28_00475_00930,589,851,Stop for the red lights. ,Static Referential,giovanni,./staging/labels - Jose Tapia.csv,26.2
2021.07.16.16.01.30_veh-38_03893_05253,933,1463,"Merge one lane to the right side, make a stop for the red lights. ",Both,giovanni,./staging/labels - Jose Tapia.csv,53.0
2021.06.14.13.28.41_veh-12_03841_04014,519,692,"Merge one lane to the left side, and make a stop for the stop sign. ",Both,giovanni,./staging/labels - Jose Tapia.csv,17.3
2021.07.09.15.53.28_veh-38_04778_04886,75,344,"Stop behind the white vehicle, and wait for the pedestrians to finish crossing before making a right turn.",Both,giovanni,./staging/labels - Jose Tapia.csv,26.9
2021.06.09.12.39.51_veh-26_02470_02648,475,794,Look for oncoming vehicles and leave the drop off zone. Make a stop for the upcoming intersection with red traffic lights.,Both,giovanni,./staging/labels - Jose Tapia.csv,31.9
2021.06.09.18.23.43_veh-35_01028_01221,710,861,,Non-Referential,giovanni,./staging/labels - Jose Tapia.csv,15.1
2021.09.15.13.12.49_veh-39_01532_01687,585,740,Follow the trailer. Turn left at the SEMIS docking bay. ,Dynamic Referential,giovanni,./staging/labels - Jose Tapia.csv,15.5
2021.06.14.18.42.45_veh-12_03913_04017,302,481,,Non-Referential,giovanni,./staging/labels - Jose Tapia.csv,17.9
2021.09.15.16.17.26_veh-28_01581_01740,319,729,At the intersection make a left turn. Stop amd shift to the left lane to avoid the people next to the stationary vehicles. Stop at the red traffic light. Turn right. ,Both,giovanni,./staging/labels - Jose Tapia.csv,41.0
2021.10.01.19.16.42_veh-28_02903_03140,308,1135,"Look for oncoming vehicles, and turn right. Stop behind the crosswalk, and merge into the right lane, then back to the left to get behind the red vehicle. At the intersection shift to the right lane. merge back into the left lane. Stop for the red light.",Both,giovanni,./staging/labels - Jose Tapia.csv,82.7
2021.06.09.17.23.18_veh-38_03302_03414,130,313,,Non-Referential,giovanni,./staging/labels - Jose Tapia.csv,18.3
2021.06.09.12.51.31_veh-35_00852_01020,81,414,"Make a right turn at the intersection. Merge one lane to the left, and make a stop for the upcoming stop sign. ",Both,giovanni,./staging/labels - Jose Tapia.csv,33.3
2021.06.14.13.27.42_veh-35_01472_01666,114,432,Turn right at the crosswalk. Enter the diamond seven star drop off zone and make a stop. Look for oncoming vehicles before leaving.,Both,giovanni,./staging/labels - Jose Tapia.csv,31.8
2021.06.09.11.54.15_veh-12_02540_02723,516,829,Turn left at the intersection.,Dynamic Referential,giovanni,./staging/labels - Jose Tapia.csv,31.3
2021.06.14.17.26.26_veh-38_03162_03227,132,314,Enter the diamond seven star drop off zone and make a stop. ,Both,giovanni,./staging/labels - Jose Tapia.csv,18.2
2021.06.14.18.42.45_veh-12_04534_04609,60,246,,Non-Referential,giovanni,./staging/labels - Jose Tapia.csv,18.6
2021.06.14.16.32.09_veh-35_00429_00563,351,578,"Wait for the pedestrians and turn right at the crosswalk. Enter the diamond seven star, and wait for the vehicles to merge in.",Both,giovanni,./staging/labels - Jose Tapia.csv,22.7
2021.09.15.13.16.40_veh-28_02198_02321,281,556,Make a sop at the intersection with red trafific lights. ,Static Referential,giovanni,./staging/labels - Jose Tapia.csv,27.5
2021.08.17.14.32.33_veh-08_01262_01528,233,729,Turn left at the intersection with the pedestrians crossing sign. ,Both,giovanni,./staging/labels - Jose Tapia.csv,49.6
2021.10.01.17.52.06_veh-28_01441_01573,57,465,Stop at the intersection with red traffic lights. Stop at the next intersection. Stop once more for the upcoming red traffic lights.,Static Referential,giovanni,./staging/labels - Jose Tapia.csv,40.8
2021.06.23.18.23.38_veh-26_00069_00642,409,1448,Stop for the red traffic lights at the intersection. Stop for the upcoming intersection during the red lights.,Static Referential,giovanni,./staging/labels - Jose Tapia.csv,103.9
2021.08.17.18.13.38_veh-45_00641_00881,966,1172,,Non-Referential,giovanni,./staging/labels - Jose Tapia.csv,20.6
2021.06.23.17.31.36_veh-16_01904_02129,701,972,Look for oncoming vehicles before leaving the drop off zone. Merge to the left lane. ,Dynamic Referential,giovanni,./staging/labels - Jose Tapia.csv,27.1
2021.10.11.05.34.05_veh-50_01718_02261,1634,1946,"Turn left at the intersection. Look for oncoming vehicles, turn left. Turn left at the next intersection. ",Both,giovanni,./staging/labels - Jose Tapia.csv,31.2
2021.05.12.22.00.38_veh-35_00005_00118,346,523,,Non-Referential,giovanni,./staging/labels - Jose Tapia.csv,17.7
2021.10.06.17.08.46_veh-28_00651_01030,732,1267,Stop for the upcoming red traffic lights. Stop for the red lights. ,Static Referential,giovanni,./staging/labels - Jose Tapia.csv,53.5
2021.06.14.18.13.35_veh-26_05422_05488,156,307,Stop for the upcoming intersection with red traffic lights.,Static Referential,giovanni,./staging/labels - Jose Tapia.csv,15.1
2021.06.14.13.27.42_veh-35_03463_03587,57,368,Follow the white vehicle.,Dynamic Referential,giovanni,./staging/labels - Jose Tapia.csv,31.1
2021.06.14.18.13.35_veh-26_00522_00702,488,888,"Turn left at the intersection, and stop the upcoming intersection red lights. Stop for the next red traffic lights. ",Both,giovanni,./staging/labels - Jose Tapia.csv,40.0
2021.10.11.05.34.05_veh-50_00697_00766,185,337,"Look for oncoming traffice, and turn left. Turn left at the intersection.",Dynamic Referential,giovanni,./staging/labels - Jose Tapia.csv,15.2
2021.06.14.18.33.41_veh-35_02521_03356,771,1659,"Stop behind the grye vehicle. Merge one lane to the right side. Merge into the right turning lane, and turn right. Merge to the left lane. Merge to the left lane,and make a stop for the stop sign ahead. ",Both,giovanni,./staging/labels - Jose Tapia.csv,88.8
2021.10.01.19.16.42_veh-28_02568_02833,1084,1274,"Make a stop for the stop sign, and turn right. ",Both,giovanni,./staging/labels - Jose Tapia.csv,19.0
2021.06.09.17.23.18_veh-38_01761_02019,675,1097,Look for oncoming traffice before leaving the drop off zone. Make a stop at the stop sign and look for oncoming vehicles. Turn right. Merge to the left lane. Stop for the people walking. Stop for the red traffic lights.,Both,giovanni,./staging/labels - Jose Tapia.csv,42.2
2021.06.09.12.39.51_veh-26_04255_04331,137,323,,Non-Referential,giovanni,./staging/labels - Jose Tapia.csv,18.6
2021.06.23.18.23.38_veh-26_01769_01925,207,659,"Merge to the right lane. Merge onto the turning lane, and turn right. ",Dynamic Referential,giovanni,./staging/labels - Jose Tapia.csv,45.2
2021.06.23.15.56.12_veh-16_00066_00818,1112,2275,Stop for the red traffic lights. Stop for the upcoming red traffic lights. Stop once again for the next intersection with red lights. ,Static Referential,giovanni,./staging/labels - Jose Tapia.csv,116.3
2021.08.17.13.15.12_veh-45_00324_00489,577,738,Stop at the intersection during the red lights. ,Static Referential,giovanni,./staging/labels - Jose Tapia.csv,16.1
2021.10.11.05.34.05_veh-50_01281_01692,1348,1747,Stop for the red traffic lights. Turn right at the intersection.,Both,giovanni,./staging/labels - Jose Tapia.csv,39.9
2021.06.23.14.06.20_veh-26_00020_01142,1341,2101,Stop for the upcoming red traffic lights. Stop once again at the next traffic lights.  ,Static Referential,giovanni,./staging/labels - Jose Tapia.csv,76.0
2021.06.09.14.58.55_veh-35_05473_05626,392,552,,Non-Referential,giovanni,./staging/labels - Jose Tapia.csv,16.0
2021.07.09.01.37.16_veh-26_04815_04878,120,279,Turn left at the intersection. Merge one lane into the right side. ,Both,giovanni,./staging/labels - Jose Tapia.csv,15.9
2021.09.15.16.17.26_veh-28_01581_01740,347,621,Turn left at the intersection. STOP to let the vehicle pass and then shift to the left to avoid the pedestrians and the vehicle. Stop at the intersection with red lights. ,Both,giovanni,./staging/labels - Jose Tapia.csv,27.4
2021.06.14.14.25.15_veh-26_04936_05073,515,670,Stop for the red traffic lights.,Static Referential,giovanni,./staging/labels - Jose Tapia.csv,15.5
2021.09.15.12.32.43_veh-28_01238_01314,25,272,Stop for the upcoming red traffic lights. Make a right turn at the intersection. ,Both,giovanni,./staging/labels - Jose Tapia.csv,24.7
2021.07.09.20.59.12_veh-38_01853_02043,67,240,,Non-Referential,giovanni,./staging/labels - Jose Tapia.csv,17.3
2021.10.11.07.12.18_veh-50_00541_00832,255,1206,"Merge into the left lane and turn left at the intersection. Enter the drop off zone, look for oncoming traffic before making left turn. Turn left at the intersection. Turn left at the building drop off zone and follow the arrows. Stop. Look for oncoming vehicles.",Both,giovanni,./staging/labels - Jose Tapia.csv,95.1
2021.10.11.07.12.18_veh-50_00541_00832,33,605,,Non-Referential,giovanni,./staging/labels - Jose Tapia.csv,57.2
2021.06.14.16.48.02_veh-12_02317_02401,177,338,Turn right at the crosswalk. Merge one lane to the left. ,Dynamic Referential,giovanni,./staging/labels - Jose Tapia.csv,16.1
2021.10.01.19.16.42_veh-28_02568_02833,881,1164,"Make a stop for the upcoming stop sign, and turn left. Make another stop for the upcoming stop sign and turn right. ",Both,giovanni,./staging/labels - Jose Tapia.csv,28.3
2021.06.14.18.33.41_veh-35_03679_03787,4,523,"Turn left at the intersection, stop for the next upcoming intersection with red traffic lights. Stop for the red lights up ahead. Slow down and merge one lane to the right. ",Both,giovanni,./staging/labels - Jose Tapia.csv,51.9
2021.06.14.20.14.09_veh-26_00612_01016,306,1847,"Wait for the people to finish crossing and make a right turn. Enter the diamond seven star building and wait for the vehicle to merge in before procceding. Make a stop at the drop off zone. Leave the drop off zones, and stop for the upcoming red traffic lights. Turn left at the intersection, and stop for the next lights. Merge one lane to the right side.  ",Both,giovanni,./staging/labels - Jose Tapia.csv,154.1
2021.06.14.13.28.41_veh-12_02612_02703,87,373,,Non-Referential,giovanni,./staging/labels - Jose Tapia.csv,28.6
2021.06.14.13.27.42_veh-35_00353_00531,347,879,"Follow the white vehicle ahead, and merge one lane to the right side. Stop behind the white vehicle. Make a right turn at the upcoming intersection.",Both,giovanni,./staging/labels - Jose Tapia.csv,53.2
2021.07.09.20.59.12_veh-38_04342_05676,1122,1370,,Non-Referential,giovanni,./staging/labels - Jose Tapia.csv,24.8
2021.09.15.14.27.22_veh-39_00580_00654,111,269,"Follow the trailer ahead. Make a stop for the stop sign, and turn left.",Both,giovanni,./staging/labels - Jose Tapia.csv,15.8
2021.08.17.17.55.18_veh-43_00016_00083,68,239,Turn right at the intersection,Static Referential,giovanni,./staging/labels - Jose Tapia.csv,17.1
2021.06.09.14.58.55_veh-35_05655_05745,254,412,"Merge to the left lane, and make a stop for the stop sign.",Both,giovanni,./staging/labels - Jose Tapia.csv,15.8
2021.06.14.14.25.15_veh-26_02770_02830,144,294,,Non-Referential,giovanni,./staging/labels - Jose Tapia.csv,15.0
2021.06.09.14.03.17_veh-12_02213_02304,229,397,,Non-Referential,giovanni,./staging/labels - Jose Tapia.csv,16.8
2021.06.09.17.37.09_veh-12_02639_02992,201,890,"Merge one lane to the right turning lane, and turn right at the intersection. Merge one lane to the left, and make a stop for the stop sign ahead.  Yield to oncoming pedestrian and turn left into a building. Stop at the drop off zones. ",Both,giovanni,./staging/labels - Jose Tapia.csv,68.9
2021.06.14.18.13.35_veh-26_01062_01139,219,373,Stop behind the blue vehicle.,Static Referential,giovanni,./staging/labels - Jose Tapia.csv,15.4
2021.06.09.14.50.36_veh-26_04605_04729,388,598,"Turn left at the intersection, and make a stop at the next intersection with red traffic lights. ",Both,giovanni,./staging/labels - Jose Tapia.csv,21.0
2021.09.15.15.34.53_veh-28_00512_01084,1133,1516,"Turn left at the intersection, merge to the right lane. Stop at the iupcoming intersection with red traffic lights.",Both,giovanni,./staging/labels - Jose Tapia.csv,38.3
2021.06.14.11.44.56_veh-35_01983_02053,166,328,"Merge into the right turning lane, and turn right at the intersection.",Dynamic Referential,giovanni,./staging/labels - Jose Tapia.csv,16.2
2021.06.14.16.48.02_veh-12_02601_02668,143,306,,Non-Referential,giovanni,./staging/labels - Jose Tapia.csv,16.3
2021.10.06.19.27.33_veh-28_00302_00794,2017,2297,Turn right at the intersection. ,Dynamic Referential,giovanni,./staging/labels - Jose Tapia.csv,28.0
2021.06.09.19.40.26_veh-12_02031_02228,252,843,Wait for the pedestrians to finish crossing and make a right turn. Merge to the left lane. Merge once more to the left lane and make a stop for the stop sign. TUrn left at the yield sign and enter the buildings drop off zone.,Both,giovanni,./staging/labels - Jose Tapia.csv,59.1
2021.06.09.14.58.55_veh-35_05655_05745,56,428,"Merge to the right turning lane, and turn right. Merge to the left lane. Merge to the left after passing the stationary vehicle and make a stop for the stop sign. ",Both,giovanni,./staging/labels - Jose Tapia.csv,37.2
2021.09.15.14.50.05_veh-28_00578_00896,652,1082,Turn right at the upcoming intersection. At the next intersection make a right turn. Merge to the left lane. ,Dynamic Referential,giovanni,./staging/labels - Jose Tapia.csv,43.0
2021.07.09.20.59.12_veh-38_01713_01842,380,555,Stop behind the white vehicle.,Static Referential,giovanni,./staging/labels - Jose Tapia.csv,17.5
2021.07.09.23.23.48_veh-26_01319_01432,350,518,Stop at the upcoming intersection during the red lights. ,Static Referential,giovanni,./staging/labels - Jose Tapia.csv,16.8
2021.06.14.18.33.41_veh-35_01193_01304,202,397,Stop behind the grey vehicle. Stop for the red light at the intersection.,Static Referential,giovanni,./staging/labels - Jose Tapia.csv,19.5
2021.06.14.18.42.45_veh-12_02520_02585,137,291,,Non-Referential,giovanni,./staging/labels - Jose Tapia.csv,15.4
2021.06.09.14.58.55_veh-35_03048_03301,798,1146,Merge one lane to the right.,Dynamic Referential,giovanni,./staging/labels - Jose Tapia.csv,34.8
2021.06.14.19.22.11_veh-38_02857_03230,1167,1859,"Stop behind the black vehicle. Merge to the right lane, and stop behind the white vehicle ahead. ",Both,giovanni,./staging/labels - Jose Tapia.csv,69.2
2021.07.09.17.06.37_veh-35_00258_00748,1201,1925,Stop behind the white vehicle. Turn right at the crosswalk. Enter the diamond seven star and let the vehicle merge in. Stop at the drop off zone. ,Both,giovanni,./staging/labels - Jose Tapia.csv,72.4
2021.06.09.11.54.15_veh-12_00270_00339,144,294,,Non-Referential,giovanni,./staging/labels - Jose Tapia.csv,15.0
2021.10.11.05.34.05_veh-50_00020_00149,430,607,Turn right at the intersection. ,Dynamic Referential,giovanni,./staging/labels - Jose Tapia.csv,17.7
2021.06.14.18.42.45_veh-12_04620_04742,219,417,,Non-Referential,giovanni,./staging/labels - Jose Tapia.csv,19.8
2021.06.09.14.03.17_veh-12_02011_02101,216,435,"Merge to the left lane, and stop at the intersection during the red traffic lights. ",Both,giovanni,./staging/labels - Jose Tapia.csv,21.9
2021.06.14.18.13.35_veh-26_03258_03349,43,378,"Merge to the left lane, and make a stop at the stop sign. Yield to oncoming traffic and turn left into the building. Enter the buildings drop off zone and make a stop. ",Both,giovanni,./staging/labels - Jose Tapia.csv,33.5
2021.06.14.16.32.09_veh-35_04516_04698,544,713,,Non-Referential,giovanni,./staging/labels - Jose Tapia.csv,16.9
2021.06.14.11.44.56_veh-35_01308_01584,189,1346,Turn left at the intersection. Merge one lane to the right side. Stop for the upcoming intersection with the red lights. Merge one lane to the right side. Stop for the upcoming red lights.,Both,giovanni,./staging/labels - Jose Tapia.csv,115.7
2021.09.15.11.49.23_veh-28_01108_01493,417,1827,"Turn right at the intersection. Stop for the upcoming red traffic lights, and turn right. Turn left at the upcoming intersection. Stop for flashing traffic lights and look for oncoming vehicles before making a right turn. Stop at the next intersection.Turn left. Make a stop at the stop sign ahead.",Both,giovanni,./staging/labels - Jose Tapia.csv,141.0
2021.07.09.20.59.12_veh-38_02064_03281,2020,2258,,Non-Referential,giovanni,./staging/labels - Jose Tapia.csv,23.8
2021.07.09.16.12.19_veh-26_06964_07035,193,348,Stop behind a black  vehicle.,Static Referential,giovanni,./staging/labels - Jose Tapia.csv,15.5
2021.06.14.18.33.41_veh-35_02140_02328,318,812,,Non-Referential,giovanni,./staging/labels - Jose Tapia.csv,49.4
2021.06.09.17.37.09_veh-12_03003_03121,76,568,,Non-Referential,giovanni,./staging/labels - Jose Tapia.csv,49.2
2021.09.15.14.27.22_veh-39_01281_01346,11,284,Stop for the upcoming stop sign. Turn left. Make another stop for the stop sign ahead.,Both,giovanni,./staging/labels - Jose Tapia.csv,27.3
2021.10.06.14.31.13_veh-28_01388_01849,1807,2081,Yield to oncoming vehicles and turn left at the intersection. At the next intersection turn left. Turn right at the next intersection. Stop for the stop sign ahead.,Both,giovanni,./staging/labels - Jose Tapia.csv,27.4
2021.06.09.18.23.43_veh-35_02945_03099,572,760,,Non-Referential,giovanni,./staging/labels - Jose Tapia.csv,18.8
2021.06.23.14.06.20_veh-26_00020_01142,1960,2143,Stop for the intersection ahead with red lights. ,Static Referential,giovanni,./staging/labels - Jose Tapia.csv,18.3
2021.06.14.18.42.45_veh-12_00364_00501,149,478,,Non-Referential,giovanni,./staging/labels - Jose Tapia.csv,32.9
2021.06.14.19.22.11_veh-38_01134_01389,1007,1167,Turn left at the intersection. ,Dynamic Referential,giovanni,./staging/labels - Jose Tapia.csv,16.0
2021.06.09.14.03.17_veh-12_00711_00839,288,591,"Merge into the right turning lane, and turn right at the intersection. Merge to the left lane. Merge once more to the left.",Dynamic Referential,giovanni,./staging/labels - Jose Tapia.csv,30.3
2021.10.11.07.12.18_veh-50_00345_00498,289,542,"Leave the drop off zone, look for oncoming vehicles. Stop for the red light ahead. ",Both,giovanni,./staging/labels - Jose Tapia.csv,25.3
2021.09.15.13.16.40_veh-28_00180_00257,146,329,,Non-Referential,giovanni,./staging/labels - Jose Tapia.csv,18.3
2021.06.09.14.50.36_veh-26_02081_02143,18,177,Wait for the people to finish crossing and prepare to make a right turn. ,Dynamic Referential,giovanni,./staging/labels - Jose Tapia.csv,15.9
2021.08.17.15.02.08_veh-45_00723_00823,84,286,Merge to the left turning lane and yield to oncoming vehicles before making the left turn.,Dynamic Referential,giovanni,./staging/labels - Jose Tapia.csv,20.2
2021.08.17.14.45.12_veh-42_00542_00803,803,1210,Stop for the upcoming stop sign. TUrn left at the intersection.,Dynamic Referential,giovanni,./staging/labels - Jose Tapia.csv,40.7
2021.06.23.16.54.19_veh-35_01277_01592,541,842,Enter the diamond seven star building drop off zone and make a stop. Stop for the upcoming red lights.,Both,giovanni,./staging/labels - Jose Tapia.csv,30.1
2021.06.14.13.27.42_veh-35_02283_02603,236,1177,Merge one lane to the right side. Folow the white vehicle. Turn right at the crosswalk.  Enter the diamond seven star and stop at the drop off zones. Look for oncoming vehicles before leaving the drop off zones.,Both,giovanni,./staging/labels - Jose Tapia.csv,94.1
2021.06.09.12.51.31_veh-35_03229_03360,153,355,"Turn right at the intersection, and merge to the left lane. Stop for the pedestrians crossing and procced after. ",Dynamic Referential,giovanni,./staging/labels - Jose Tapia.csv,20.2
2021.06.09.11.54.15_veh-12_03371_03642,419,1286,"Stop for the red lights ahead. Merge one lane to the right side. Merge once more to the right side, and turn right at the intersection. Merge one to the left and make a stop at the stop sign. Yield to oncoming vehicles , turn left into the building drop off zones and stop. ",Both,giovanni,./staging/labels - Jose Tapia.csv,86.7
2021.06.14.16.32.09_veh-35_00574_00989,1496,1814,"Turn right at the intersection, and merge to the left lane. Merge one more time and stop for the stop sign ahead. ",Dynamic Referential,giovanni,./staging/labels - Jose Tapia.csv,31.8
2021.06.14.13.28.41_veh-12_01591_01695,325,490,Merge one lane to the right side.,Dynamic Referential,giovanni,./staging/labels - Jose Tapia.csv,16.5
2021.10.01.18.26.05_veh-28_01081_01159,25,265,Stop at the upcoming red traffic lights. Stop behind the blue van.,Both,giovanni,./staging/labels - Jose Tapia.csv,24.0
2021.06.09.12.51.31_veh-35_03371_03476,183,365,Look for oncoming vehicles before leaving the drop off zone.,Ambiguous,giovanni,./staging/labels - Jose Tapia.csv,18.2
2021.06.14.16.48.02_veh-12_00721_00828,209,389,Follow the white vehicle. ,Ambiguous,giovanni,./staging/labels - Jose Tapia.csv,18.0
2021.07.16.01.22.41_veh-14_02626_04289,2258,2518,Wait for the pedestrians to finish crossing before turning right. ,Dynamic Referential,giovanni,./staging/labels - Jose Tapia.csv,26.0
2021.08.17.18.11.12_veh-08_00234_00611,651,1817,Turn left at the intersection. Yield to oncoming trafic at the intersection and turn left. Stop for the upcoming red traffic lights. At the next intersection make another stop for the red lights. Turn left.,Both,giovanni,./staging/labels - Jose Tapia.csv,116.6
2021.06.09.17.23.18_veh-38_04708_04770,19,273,Wait for the pedestrians to finish crossing and turn left at the intersection. Stop for the intersection with red lights.,Dynamic Referential,giovanni,./staging/labels - Jose Tapia.csv,25.4
2021.06.23.14.54.32_veh-16_00301_00410,58,210,,Non-Referential,giovanni,./staging/labels - Jose Tapia.csv,15.2
2021.06.09.12.51.31_veh-35_00697_00820,456,607,,Non-Referential,giovanni,./staging/labels - Jose Tapia.csv,15.1
2021.07.16.16.08.35_veh-35_00132_00784,587,1637,,Non-Referential,giovanni,./staging/labels - Jose Tapia.csv,105.0
2021.06.14.16.48.02_veh-12_03472_03779,124,583,"TUrn right at the intersection, slow down and merge to the left lane. Slow down for the speed bump, merge left and make a stop for the stop sign ahread. Yield to oncoming vehicles and turn left.",Both,giovanni,./staging/labels - Jose Tapia.csv,45.9
2021.06.23.16.54.19_veh-35_01277_01592,921,1179,Turn left at the intersection.,Dynamic Referential,giovanni,./staging/labels - Jose Tapia.csv,25.8
2021.06.14.18.13.35_veh-26_05286_05411,204,415,,Non-Referential,giovanni,./staging/labels - Jose Tapia.csv,21.1
2021.09.15.12.32.43_veh-28_00015_00093,133,381,,Non-Referential,giovanni,./staging/labels - Jose Tapia.csv,24.8
2021.06.14.13.27.42_veh-35_01025_01086,133,293,"Yield to an oncoming vehicle, turn left and enter the building drop off zone. Make a stop.",Both,giovanni,./staging/labels - Jose Tapia.csv,16.0
2021.06.09.12.06.35_veh-35_00422_01112,219,653,,Non-Referential,giovanni,./staging/labels - Jose Tapia.csv,43.4
2021.06.09.14.50.36_veh-26_05825_05901,136,345,Merge into the right turning lane. Wait for the people to cross the crosswalk and turn right. ,Dynamic Referential,giovanni,./staging/labels - Jose Tapia.csv,20.9
2021.09.15.16.17.26_veh-28_01450_01544,184,425,Stop at the stop sign and yield to an oncoming vehicle.,Static Referential,giovanni,./staging/labels - Jose Tapia.csv,24.1
2021.06.09.14.03.17_veh-12_02213_02304,225,431,,Non-Referential,giovanni,./staging/labels - Jose Tapia.csv,20.6
2021.06.09.11.54.15_veh-12_00270_00339,31,246,,Non-Referential,giovanni,./staging/labels - Jose Tapia.csv,21.5
2021.06.14.14.03.45_veh-38_04398_04488,37,392,"Wait for the people to finish crossing, and merge into the left lane. Merge one lane to the left and make a stop at the stop sign. Yield to oncoming vehicles. ",Both,giovanni,./staging/labels - Jose Tapia.csv,35.5
2021.06.14.16.32.09_veh-35_03438_03580,266,702,,Non-Referential,giovanni,./staging/labels - Jose Tapia.csv,43.6
2021.10.01.15.32.11_veh-28_00291_00464,487,836,"Wait for the people to finish crossing, yield to an oncoming vehicle and turn left. Turn left at the next intersection. ",Both,giovanni,./staging/labels - Jose Tapia.csv,34.9
2021.06.09.17.23.18_veh-38_04708_04770,23,230,Turn left at the intersection.,Dynamic Referential,giovanni,./staging/labels - Jose Tapia.csv,20.7
2021.06.14.19.22.11_veh-38_03242_03907,71,835,"Merge one lane to the right, turn right at the intersection. Merge one lane to the left. Merge one lane to the left and stop for the stop sign ahead. ",Dynamic Referential,giovanni,./staging/labels - Jose Tapia.csv,76.4
2021.06.09.11.54.15_veh-12_02288_02529,92,352,Stop for the red traffic lights. ,Static Referential,giovanni,./staging/labels - Jose Tapia.csv,26.0
2021.06.14.18.13.35_veh-26_00259_00374,6,206,,Non-Referential,giovanni,./staging/labels - Jose Tapia.csv,20.0
2021.08.17.16.57.11_veh-08_00206_00331,130,284,,Non-Referential,giovanni,./staging/labels - Jose Tapia.csv,15.4
2021.06.14.18.13.35_veh-26_04412_04536,131,385,Stop for the red traffic light. Slow down and merge into the right lane.,Both,giovanni,./staging/labels - Jose Tapia.csv,25.4
2021.10.01.19.16.42_veh-28_00274_00380,271,483,Stop for the stop sign ahead.,Static Referential,giovanni,./staging/labels - Jose Tapia.csv,21.2
2021.08.17.18.54.02_veh-45_01103_01238,7,516,"Stop for the stop sign, and the next upcoming stop sign. At the next stop sign make another stop at the stop sign. Pull into the curb and make a stop. ",Both,giovanni,./staging/labels - Jose Tapia.csv,50.9
2021.09.15.15.34.53_veh-28_01303_01395,88,308,"Stop at the stop sign, and turn right. Take a slight left and avoid the stationary vehicle.",Both,giovanni,./staging/labels - Jose Tapia.csv,22.0
2021.06.09.11.54.15_veh-12_02288_02529,342,830,Merge one lane to the right side. Once more to the right lane and make a stop at the red traffic lights. ,Both,giovanni,./staging/labels - Jose Tapia.csv,48.8
2021.06.14.18.33.41_veh-35_04768_04894,88,520,"Turn left at the intersection, and stop for the upcoming red traffic lights. Speed up and merge one lane to the right side. ",Both,giovanni,./staging/labels - Jose Tapia.csv,43.2
2021.06.14.18.42.45_veh-12_03913_04017,35,299,Slow down and then merge one lane to the right side. ,Dynamic Referential,giovanni,./staging/labels - Jose Tapia.csv,26.4
2021.06.14.19.22.11_veh-38_00040_00464,579,984,,Non-Referential,giovanni,./staging/labels - Jose Tapia.csv,40.5
2021.06.14.13.28.41_veh-12_00005_00158,353,658,,Non-Referential,giovanni,./staging/labels - Jose Tapia.csv,30.5
2021.06.14.11.44.56_veh-35_00938_01134,268,727,Merge one lane to the right side. Once more merge again to the right side and turn right at the intersection. Let the pedestrians cross before procceding. Merge into the left lane. Once more merge to the left lane.,Both,giovanni,./staging/labels - Jose Tapia.csv,45.9
2021.06.14.18.33.41_veh-35_03679_03787,325,478,Stop for the upcoming red traffic lights. Slow down and merge one lane to the right.,Both,giovanni,./staging/labels - Jose Tapia.csv,15.3
2021.06.09.14.58.55_veh-35_02660_02757,302,464,Stop for the upcoming red traffic lights. ,Static Referential,giovanni,./staging/labels - Jose Tapia.csv,16.2
2021.06.14.18.13.35_veh-26_05600_05660,10,212,Merge into the right lane. Stop behind the black vehicle. Merge to the right lane.,Both,giovanni,./staging/labels - Jose Tapia.csv,20.2
2021.10.11.02.57.41_veh-50_00029_00134,219,444,Stop for the red traffic lights. ,Static Referential,giovanni,./staging/labels - Jose Tapia.csv,22.5
2021.06.14.13.28.41_veh-12_05269_05369,229,462,Stop for the red traffic light. ,Static Referential,giovanni,./staging/labels - Jose Tapia.csv,23.3
2021.10.11.08.31.07_veh-50_01972_02057,233,401,"Merge into the left turning lane, look for oncoming traffic.",Dynamic Referential,giovanni,./staging/labels - Jose Tapia.csv,16.8
2021.08.17.14.45.12_veh-42_01119_01535,1224,2002,"Turn left at the intersection. Stop for upcoming stop sign. Pull into the curbside and make a stop. Look for oncoming vehicles and leave the drop off zone. Stop for the next upcoming stop sign, and turn right. At the next stop sign make another stop.",Both,giovanni,./staging/labels - Jose Tapia.csv,77.8
2021.06.14.17.26.26_veh-38_01293_01488,673,954,Turn left at the intersection. Merge one lane to the right side. Stop behind the white vehicle. ,Dynamic Referential,giovanni,./staging/labels - Jose Tapia.csv,28.1
2021.06.14.16.48.02_veh-12_04978_05337,1457,1750,Follow the red vehicle. Stop at the red traffic light.,Both,giovanni,./staging/labels - Jose Tapia.csv,29.3
2021.06.14.14.25.15_veh-26_02376_02575,5,954,Stop behind the crosswalk.,Ambiguous,giovanni,./staging/labels - Jose Tapia.csv,94.9
2021.06.14.17.26.26_veh-38_04030_04274,590,1052,Merge one lane to the right. Stop at the red traffic lights. ,Both,giovanni,./staging/labels - Jose Tapia.csv,46.2
2021.06.14.18.42.45_veh-12_02520_02585,110,318,,Non-Referential,giovanni,./staging/labels - Jose Tapia.csv,20.8
2021.08.17.13.15.12_veh-45_00168_00302,406,655,,Non-Referential,giovanni,./staging/labels - Jose Tapia.csv,24.9
2021.10.01.17.52.06_veh-28_00450_00599,349,644,Shift to the left and avoid the stationary vehicle and stop behind the brown vehicle. ,Both,giovanni,./staging/labels - Jose Tapia.csv,29.5
2021.07.09.01.37.16_veh-26_04224_04293,67,223,Stop for the upcoming intersection during red traffic lights.,Static Referential,giovanni,./staging/labels - Jose Tapia.csv,15.6
2021.06.14.18.33.41_veh-35_04768_04894,191,512,"Turn left at the intersection, and make a stop for the upcoming red traffic lights. Merge one lane to the right side. ",Both,giovanni,./staging/labels - Jose Tapia.csv,32.1
2021.06.09.17.23.18_veh-38_02526_03027,2186,2390,Yield to oncoming vehicle and then turn left into the building.,Dynamic Referential,giovanni,./staging/labels - Jose Tapia.csv,20.4
2021.06.09.12.51.31_veh-35_01729_02626,2077,2514,Stop at the upcoming intersection during the red traffic lights.,Static Referential,giovanni,./staging/labels - Jose Tapia.csv,43.7
2021.08.17.17.17.01_veh-45_00762_01166,25,851,"Stop at the red lights. Yield to oncoming vehicle at the intersection and turn left. Make a stop for the upcoming stop sign. Pull into the curbside and make a stop. Look for oncoming vehicles before leaving. Turn left at the intersection, look for oncoming vehicles and turn left at the next intersection.",Both,giovanni,./staging/labels - Jose Tapia.csv,82.6
2021.08.17.18.54.02_veh-45_00665_01065,854,1485,Turn right at the intersection. Stop behind the garbage truck. Merge into the left turning lane.,Both,giovanni,./staging/labels - Jose Tapia.csv,63.1
2021.06.09.20.26.11_veh-35_00825_00942,251,482,Turn left at the intersection. Make a stop for the upcoming red traffic lights.,Both,giovanni,./staging/labels - Jose Tapia.csv,23.1
2021.06.09.17.23.18_veh-38_03095_03280,650,847,,Non-Referential,giovanni,./staging/labels - Jose Tapia.csv,19.7
2021.07.16.16.08.35_veh-35_01303_01641,951,1238,Merge one lane to the right side. Stop for the upcoming red traffic lights. ,Both,giovanni,./staging/labels - Jose Tapia.csv,28.7
2021.06.09.14.50.36_veh-26_00063_00350,549,797,Wait for the pedestrians to finish crossing and then turn right. ,Dynamic Referential,giovanni,./staging/labels - Jose Tapia.csv,24.8
2021.06.14.14.25.15_veh-26_04936_05073,270,527,Turn left at the intersection and make a stop for the upcoming red traffic light. ,Both,giovanni,./staging/labels - Jose Tapia.csv,25.7
2021.07.16.16.08.35_veh-35_01303_01641,440,1455,"Turn left at the intersection and make a stop for the red traffic lights. Merge one lane to the right side, and make a stop for the red light. Once again merge one lane to the right side. Make a stop for the upcoming traffic lights.",Both,giovanni,./staging/labels - Jose Tapia.csv,101.5
2021.07.09.01.37.16_veh-26_01726_01793,11,253,Turn right at the next inersection and merge to the right lane. ,Dynamic Referential,giovanni,./staging/labels - Jose Tapia.csv,24.2
2021.06.14.17.26.26_veh-38_05455_05749,1313,1463,,Non-Referential,giovanni,./staging/labels - Jose Tapia.csv,15.0
2021.06.14.16.48.02_veh-12_02861_03047,238,754,Wait for the people to finish crossing and make a right turn.,Dynamic Referential,giovanni,./staging/labels - Jose Tapia.csv,51.6
2021.08.17.18.54.02_veh-45_00511_00579,138,289,"Make a stop for the upcoming stop sign, look for oncoming traffic and make a left turn.",Dynamic Referential,giovanni,./staging/labels - Jose Tapia.csv,15.1
2021.06.23.15.18.10_veh-26_00016_00143,451,622,Turn left at the intersection.,Dynamic Referential,giovanni,./staging/labels - Jose Tapia.csv,17.1
2021.06.14.18.13.35_veh-26_04204_04323,437,588,"Turn left at the intersection, and make a stop for the red traffic lights. ",Both,giovanni,./staging/labels - Jose Tapia.csv,15.1
2021.08.17.15.02.08_veh-45_00167_00480,1368,1532,Turn right at the intersection,Dynamic Referential,giovanni,./staging/labels - Jose Tapia.csv,16.4
2021.06.23.15.18.10_veh-26_00016_00143,46,605,Turn left.,Dynamic Referential,giovanni,./staging/labels - Jose Tapia.csv,55.9
2021.06.09.14.58.55_veh-35_03548_03800,1,170,"Turn left at the intersection, and make a stop for the red trafic lights.",Both,giovanni,./staging/labels - Jose Tapia.csv,16.9
2021.08.17.17.55.18_veh-43_01240_01704,1131,2243,"Turn right at the intersection. Pull into the curbside. Look for oncoming vehicles before leaving the curbside. Stop at stop sign.  Stop for the next upcoming stop sign, and once again for the next stop sign. Stop for the stop sign, and make a right turn. Take a slight left to avoid the vehicle parking. Stop at the intersection and turn left. Make another stop for the upcoming stop sign. Turn left at the intersection. ",Both,giovanni,./staging/labels - Jose Tapia.csv,111.2
2021.06.14.18.42.45_veh-12_00547_00777,564,1135,Look for oncoming vehicles before leaving the drop off zone. Stop for the upcoming red lights. ,Both,giovanni,./staging/labels - Jose Tapia.csv,57.1
2021.05.12.22.28.35_veh-35_00620_01164,2297,2483,Make a stop at the drop off zone. ,Ambiguous,giovanni,./staging/labels - Jose Tapia.csv,18.6
2021.06.09.12.51.31_veh-35_05024_05275,433,840,"Turn left at the intersection, and stop for the upcoming red traffic lights. ",Both,giovanni,./staging/labels - Jose Tapia.csv,40.7
2021.06.09.18.23.43_veh-35_01939_02025,154,349,,Non-Referential,giovanni,./staging/labels - Jose Tapia.csv,19.5
2021.06.23.20.00.35_veh-35_00960_03649,512,1446,Turn left at the intersection. Stop for the red lights.,Both,giovanni,./staging/labels - Jose Tapia.csv,93.4
2021.06.09.12.39.51_veh-26_03409_03722,371,1451,Follow the white vehicle. Stop behind the crosswalk. Turn right at the crosswalk. Enter the diamond seven star drop off zones and make a stop. Look for oncoming vehicle before leaving the drop off zone. Make a stop for the red lights at the upcoming intersection. ,Both,giovanni,./staging/labels - Jose Tapia.csv,108.0
2021.07.09.15.53.28_veh-38_00053_00163,74,324,,Non-Referential,giovanni,./staging/labels - Jose Tapia.csv,25.0
2021.10.01.18.26.05_veh-28_00005_00413,756,1012,"Turn right at the intersection, and stop for the next red light. Enter the right turning lane.",Both,giovanni,./staging/labels - Jose Tapia.csv,25.6
2021.06.23.20.00.35_veh-35_00960_03649,1273,2180,Stop upcoming intersection with red lights. ,Both,giovanni,./staging/labels - Jose Tapia.csv,90.7
2021.10.06.13.21.47_veh-28_00441_00515,172,364,Turn right at the intersection.,Dynamic Referential,giovanni,./staging/labels - Jose Tapia.csv,19.2
2021.06.09.11.54.15_veh-12_05108_05331,778,1100,Look for oncoming vehicles before leaving the drop off zone. Make a stop for the upcoming intersection with red lights. ,Both,giovanni,./staging/labels - Jose Tapia.csv,32.2
2021.09.15.13.52.55_veh-39_00643_00807,533,708,Turn left at the intersection.,Dynamic Referential,giovanni,./staging/labels - Jose Tapia.csv,17.5
2021.08.17.16.48.45_veh-43_03384_03788,853,1252,Merge into the left turning lane. Turn left at the intersection. Turn left at the intersection . ,Dynamic Referential,giovanni,./staging/labels - Jose Tapia.csv,39.9
2021.09.15.16.17.26_veh-28_01370_01439,146,312,Make a stop for the upcoming stop sign. ,Static Referential,giovanni,./staging/labels - Jose Tapia.csv,16.6
2021.10.01.19.16.42_veh-28_01731_01935,284,702,Yield to oncoming vehicles and make a right turn. Merge into the right lane to avoid the vehicle infront and procced.,Both,giovanni,./staging/labels - Jose Tapia.csv,41.8
2021.06.14.13.28.41_veh-12_04903_05107,72,934,"Merge one lane to thr right side. Follow the grey vehicle, and merge into the right turning lane. Stop at the red light, and turn at that intersection. Merge to the left lane.",Both,giovanni,./staging/labels - Jose Tapia.csv,86.2
2021.09.15.12.32.43_veh-28_00202_00323,24,515,"Make a stop for the upcoming stop sign, and turn right. At the next stop sign make another stop and turn left. ",Both,giovanni,./staging/labels - Jose Tapia.csv,49.1
2021.06.09.14.58.55_veh-35_05473_05626,48,633,Stop for the red traffic lights. Merge one lane to the right side. ,Both,giovanni,./staging/labels - Jose Tapia.csv,58.5
2021.08.17.16.57.11_veh-08_00354_01167,1669,2511,"Merge onto the left turning lane. Turn left at the intersection. Stop for the red traffic light. Yield to oncoming vehicles and turn left at the intersection. Make another stop for the stop sign ahead, and turn left. Pull into the curbside and make a stop. ",Both,giovanni,./staging/labels - Jose Tapia.csv,84.2
2021.06.14.18.13.35_veh-26_00027_00215,145,792,Turn left at the intersection. Merge one lane to the right side.,Dynamic Referential,giovanni,./staging/labels - Jose Tapia.csv,64.7
2021.06.09.12.51.31_veh-35_04435_04593,482,738,Stop for the upcoming red lights. ,Static Referential,giovanni,./staging/labels - Jose Tapia.csv,25.6
2021.09.15.14.27.22_veh-39_00868_01125,486,660,Turn right at the intersection. ,Dynamic Referential,giovanni,./staging/labels - Jose Tapia.csv,17.4
2021.06.14.16.48.02_veh-12_03091_03461,1152,1310,Merge one lane to the right side. ,Dynamic Referential,giovanni,./staging/labels - Jose Tapia.csv,15.8
2021.06.09.14.03.17_veh-12_03344_03461,406,562,Turn left at the intersection. Merge one lane to the right.,Dynamic Referential,giovanni,./staging/labels - Jose Tapia.csv,15.6
2021.06.14.18.42.45_veh-12_03913_04017,357,512,,Non-Referential,giovanni,./staging/labels - Jose Tapia.csv,15.5
2021.06.14.14.03.45_veh-38_01927_01996,101,287,Merge into the right turning lane. Turn right at the intersection. Merge one lane to the left. ,Dynamic Referential,giovanni,./staging/labels - Jose Tapia.csv,18.6
2021.06.09.14.50.36_veh-26_03507_03584,28,229,,Non-Referential,giovanni,./staging/labels - Jose Tapia.csv,20.1
2021.06.14.13.27.42_veh-35_01698_01822,186,437,Merge one lane to the right side. Make a stop at the upcoming intersection with red lights. ,Both,giovanni,./staging/labels - Jose Tapia.csv,25.1
2021.10.11.02.57.41_veh-50_02318_02417,272,450,Follow the arrows on the ground. Look for oncoming vehicles and turn left. ,Both,giovanni,./staging/labels - Jose Tapia.csv,17.8
2021.06.09.14.58.55_veh-35_03390_03537,475,726,,Non-Referential,giovanni,./staging/labels - Jose Tapia.csv,25.1
2021.09.15.14.50.05_veh-28_01392_01458,24,286,Merge to the left lane. ,Dynamic Referential,giovanni,./staging/labels - Jose Tapia.csv,26.2
2021.07.09.01.37.16_veh-26_03432_03503,4,154,Stop for the red lights ahead. ,Static Referential,giovanni,./staging/labels - Jose Tapia.csv,15.0
2021.06.14.18.42.45_veh-12_02318_02407,201,424,,Non-Referential,giovanni,./staging/labels - Jose Tapia.csv,22.3
2021.09.15.11.49.23_veh-28_01869_02000,460,616,"Make a stop for the stop sign, and turn left. At the next intersection make another left turn.",Both,giovanni,./staging/labels - Jose Tapia.csv,15.6
2021.06.14.18.33.41_veh-35_03367_03508,507,683,Wait for the people to finish crossing and make a right turn. ,Dynamic Referential,giovanni,./staging/labels - Jose Tapia.csv,17.6
2021.08.17.19.18.39_veh-08_00208_00380,184,601,"Turn right at the intersection. Merge into the left lane to avoid the stationary vehicle and the merge back into original lane. Turn right at the next intersection.Make another stop for the upcoming stop sign, and turn left.",Both,giovanni,./staging/labels - Jose Tapia.csv,41.7
2021.06.09.12.06.35_veh-35_00284_00410,69,481,Merge one lane to the right side. Merge once more to the right lane.,Dynamic Referential,giovanni,./staging/labels - Jose Tapia.csv,41.2
2021.06.09.17.37.09_veh-12_03132_03193,8,221,Merge one lane to the right side. ,Dynamic Referential,giovanni,./staging/labels - Jose Tapia.csv,21.3
2021.06.14.14.25.15_veh-26_02179_02316,226,553,,Non-Referential,giovanni,./staging/labels - Jose Tapia.csv,32.7
2021.06.14.18.33.41_veh-35_02140_02328,366,909,Merge one lane to the right side.,Dynamic Referential,giovanni,./staging/labels - Jose Tapia.csv,54.3
2021.06.09.14.03.17_veh-12_03798_04118,6,1271,"Turn left at the intersection, and stop for the upcoming red light. Make another stop for the upcoming red light. Merge one lane to the right side. Stop at the next red light.",Both,giovanni,./staging/labels - Jose Tapia.csv,126.5
2021.06.09.17.37.09_veh-12_02445_02566,114,295,,Non-Referential,giovanni,./staging/labels - Jose Tapia.csv,18.1
2021.06.14.13.27.42_veh-35_04704_04782,210,382,Make a stop at the drop off zones. Look for oncoming vehicles before leaving the drop off zones. ,Dynamic Referential,giovanni,./staging/labels - Jose Tapia.csv,17.2
2021.08.17.16.57.11_veh-08_00354_01167,1650,2345,"Merge into the left turning lane, turn left at the intersection. Stop for the red light ahead. Yield to oncoming vehicles and make a left turn. Make a stop for the stop sign, and turn left.",Both,giovanni,./staging/labels - Jose Tapia.csv,69.5
2021.07.09.23.23.48_veh-26_02228_04624,1560,1757,"Merge one lane to the left side, and make a stop for the red lights ahead.",Both,giovanni,./staging/labels - Jose Tapia.csv,19.7
2021.10.01.19.16.42_veh-28_02903_03140,471,1070,"Stop behind the crosswalk. Merge to the right side, and back to the original to avoid the vehicles in the turning lane. ",Both,giovanni,./staging/labels - Jose Tapia.csv,59.9
2021.08.17.18.54.02_veh-45_00016_00304,971,1142,,Non-Referential,giovanni,./staging/labels - Jose Tapia.csv,17.1
2021.06.14.16.32.09_veh-35_01781_02379,541,1984,"Turn left at the intersection, and stop at the next intersection during the red traffic lights. Stop for the red lights ahead. Merge one lane into the right side.  Make another stop behind a black vehicle. Stop behind the grey vehicle. Merge one lane over to the right side. Once more merge into the right turning lane, and turn right. Merge one lane to the left, and wait for the pedestrians to cross before procceding.",Both,giovanni,./staging/labels - Jose Tapia.csv,144.3
2021.06.09.17.23.18_veh-38_02316_02391,71,309,Stop for the right traffic lights ahead. ,Static Referential,giovanni,./staging/labels - Jose Tapia.csv,23.8
2021.09.15.13.16.40_veh-28_00088_00157,134,321,Yield to oncoming vehicles. ,Dynamic Referential,giovanni,./staging/labels - Jose Tapia.csv,18.7
2021.06.14.18.42.45_veh-12_01065_01152,185,417,Make a stop at the drop off zones. ,Static Referential,giovanni,./staging/labels - Jose Tapia.csv,23.2
2021.10.01.14.20.36_veh-28_00931_01128,139,907,Make a stop for the upcoming red light. Turn left at the intersection. Make a stop at the intersection. Turn left at the intersection. ,Both,giovanni,./staging/labels - Jose Tapia.csv,76.8
2021.06.23.18.23.38_veh-26_01238_01416,191,788,Wait for the people to finish crossing and make a right turn. Make a stop infront of a building. Look for leaving before leaving the drop off zone. ,Both,giovanni,./staging/labels - Jose Tapia.csv,59.7
2021.07.16.16.08.35_veh-35_00132_00784,1740,1940,,Non-Referential,giovanni,./staging/labels - Jose Tapia.csv,20.0
2021.06.09.17.37.09_veh-12_03003_03121,76,468,,Non-Referential,giovanni,./staging/labels - Jose Tapia.csv,39.2
2021.08.17.17.55.18_veh-43_00802_01030,877,1043,Make a stop for the upcoming stop sign.,Static Referential,giovanni,./staging/labels - Jose Tapia.csv,16.6
2021.10.01.19.16.42_veh-28_03215_03296,174,370,,Non-Referential,giovanni,./staging/labels - Jose Tapia.csv,19.6
2021.06.09.19.40.26_veh-12_01525_02020,1309,2467,"Wait for the people to finish crossing before turning left at the intersection, and make another stop for the red lights. Merge one lane to the right side. At  upcoming red lights make another stop. ",Both,giovanni,./staging/labels - Jose Tapia.csv,115.8
2021.10.01.14.20.36_veh-28_00038_00128,154,328,Make a stop at the stop sign. Shift slightly to the left and avoid the parked truck.,Both,giovanni,./staging/labels - Jose Tapia.csv,17.4
2021.06.09.14.50.36_veh-26_05398_05800,1444,1818,Make a stop for the upcoming red lights. ,Static Referential,giovanni,./staging/labels - Jose Tapia.csv,37.4
2021.06.09.14.50.36_veh-26_03208_03299,257,435,Stop at the drop off zone. Look for oncoming vehicles before leaving the drop off zone. ,Dynamic Referential,giovanni,./staging/labels - Jose Tapia.csv,17.8
2021.06.14.16.32.09_veh-35_03635_03792,129,574,,Non-Referential,giovanni,./staging/labels - Jose Tapia.csv,44.5
2021.06.09.17.37.09_veh-12_00875_01204,1437,1619,,Non-Referential,giovanni,./staging/labels - Jose Tapia.csv,18.2
2021.06.14.13.28.41_veh-12_03312_03409,219,460,,Non-Referential,giovanni,./staging/labels - Jose Tapia.csv,24.1
2021.10.06.13.21.47_veh-28_00139_00216,97,288,"Make a stop at the stop sign, and turn right. At the upcoming intersection make a left turn. ",Both,giovanni,./staging/labels - Jose Tapia.csv,19.1
2021.06.09.14.50.36_veh-26_00677_00819,453,629,"Wait for the people to cross before procceding, and make a stop for the red lights ahead.",Both,giovanni,./staging/labels - Jose Tapia.csv,17.6
2021.05.12.19.36.12_veh-35_00005_00204,777,953,,Non-Referential,giovanni,./staging/labels - Jose Tapia.csv,17.6
2021.06.09.14.58.55_veh-35_00016_00182,6,173,Wait for the pedestrians to finish crossing. ,Ambiguous,giovanni,./staging/labels - Jose Tapia.csv,16.7
2021.07.09.01.37.16_veh-26_03306_03373,11,322,Merge to the left lane. Make a stop for the upcoming intersection with red traffic lights. ,Both,giovanni,./staging/labels - Jose Tapia.csv,31.1
2021.09.15.16.17.26_veh-28_00772_00880,370,529,Get into the left lane after the intersection,Static Referential,jeremykemmerer,./staging/labels_submission2 - Jeremy K.csv,15.9
2021.10.01.19.16.42_veh-28_01731_01935,342,539,Take the first exit of the roundabout,Static Referential,jeremykemmerer,./staging/labels_submission2 - Jeremy K.csv,19.7
2021.10.06.18.52.07_veh-28_01297_01462,472,803,"Drive around the truck, then get back in the right lane",Dynamic Referential,jeremykemmerer,./staging/labels_submission2 - Jeremy K.csv,33.1
2021.09.15.13.12.49_veh-39_00645_00802,525,683,,Non-Referential,jeremykemmerer,./staging/labels_submission2 - Jeremy K.csv,15.8
2021.10.06.14.31.13_veh-28_00589_00665,12,349,"Turn left, then turn right at the next light",Static Referential,jeremykemmerer,./staging/labels_submission2 - Jeremy K.csv,33.7
2021.09.15.14.27.22_veh-39_00665_00745,23,343,Turn left,Non-Referential,jeremykemmerer,./staging/labels_submission2 - Jeremy K.csv,32.0
2021.10.01.15.32.11_veh-28_00475_00930,1037,1919,,Non-Referential,jeremykemmerer,./staging/labels_submission2 - Jeremy K.csv,88.2
2021.09.15.16.51.15_veh-28_00176_00329,391,589,,Non-Referential,jeremykemmerer,./staging/labels_submission2 - Jeremy K.csv,19.8
2021.09.15.14.27.22_veh-39_00473_00568,191,416,Turn right at the intersection,Static Referential,jeremykemmerer,./staging/labels_submission2 - Jeremy K.csv,22.5
2021.09.15.15.02.19_veh-39_00105_00203,97,427,,Non-Referential,jeremykemmerer,./staging/labels_submission2 - Jeremy K.csv,33.0
2021.09.15.15.34.53_veh-28_01303_01395,131,388,Turn right,Non-Referential,jeremykemmerer,./staging/labels_submission2 - Jeremy K.csv,25.7
2021.10.01.17.52.06_veh-28_00098_00211,384,536,Move to the right lane to go around the car,Dynamic Referential,jeremykemmerer,./staging/labels_submission2 - Jeremy K.csv,15.2
2021.09.15.15.34.53_veh-28_01639_01805,671,821,,Non-Referential,jeremykemmerer,./staging/labels_submission2 - Jeremy K.csv,15.0
2021.10.01.13.28.54_veh-28_00607_00973,950,1226,Turn left at the light,Static Referential,jeremykemmerer,./staging/labels_submission2 - Jeremy K.csv,27.6
2021.10.01.18.26.05_veh-28_01081_01159,230,380,Turn left at the light,Static Referential,jeremykemmerer,./staging/labels_submission2 - Jeremy K.csv,15.0
2021.09.15.15.02.19_veh-39_00856_01095,45,533,"Turn left, then right",Non-Referential,jeremykemmerer,./staging/labels_submission2 - Jeremy K.csv,48.8
2021.10.01.19.16.42_veh-28_02011_02410,450,1712,,Non-Referential,jeremykemmerer,./staging/labels_submission2 - Jeremy K.csv,126.2
2021.10.01.14.20.36_veh-28_00931_01128,105,527,"Drive to the next stoplight, then turn left",Static-Referential,jeremykemmerer,./staging/labels_submission2 - Jeremy K.csv,42.2
2021.09.15.12.32.43_veh-28_00708_00866,491,695,Go around the truck,Dynamic Referential,jeremykemmerer,./staging/labels_submission2 - Jeremy K.csv,20.4
2021.10.01.19.16.42_veh-28_02568_02833,97,1202,Turn left at the end of the road,Static Referential,jeremykemmerer,./staging/labels_submission2 - Jeremy K.csv,110.5
2021.10.06.17.08.46_veh-28_00127_00428,705,1221,Take the second exit of the roundabout,Static Referential,jeremykemmerer,./staging/labels_submission2 - Jeremy K.csv,51.6
2021.10.01.15.32.11_veh-28_00025_00097,194,345,Go left around the trucks,Dynamic Referential,jeremykemmerer,./staging/labels_submission2 - Jeremy K.csv,15.1
2021.10.01.19.16.42_veh-28_00917_01499,1528,2394,Switch to the left lane then go straight,Non-Referential,jeremykemmerer,./staging/labels_submission2 - Jeremy K.csv,86.6
2021.09.15.14.27.22_veh-39_01420_01480,138,290,,Non-Referential,jeremykemmerer,./staging/labels_submission2 - Jeremy K.csv,15.2
2021.09.15.14.00.15_veh-28_00288_00408,270,467,,Non-Referential,jeremykemmerer,./staging/labels_submission2 - Jeremy K.csv,19.7
2021.10.01.13.28.54_veh-28_00995_01087,114,286,Turn right around the pedestrians,Dynamic Referential,jeremykemmerer,./staging/labels_submission2 - Jeremy K.csv,17.2
2021.09.15.15.34.53_veh-28_00030_00128,202,483,Turn right at the parking garage,Static Referential,jeremykemmerer,./staging/labels_submission2 - Jeremy K.csv,28.1
2021.10.06.17.43.07_veh-28_01587_01694,48,503,"Turn left at the end of the road, then turn into the lot the pickup truck is coming out of",Dynamic-Referential,jeremykemmerer,./staging/labels_submission2 - Jeremy K.csv,45.5
2021.09.15.14.27.22_veh-39_01281_01346,64,311,"Turn left at the trailer, then turn right back onto the main road",Static Referential,jeremykemmerer,./staging/labels_submission2 - Jeremy K.csv,24.7
2021.09.15.12.32.43_veh-28_00973_01056,56,262,Turn right at the stop sign,Static-Referential,jeremykemmerer,./staging/labels_submission2 - Jeremy K.csv,20.6
2021.10.06.17.08.46_veh-28_01626_01702,186,344,"Turn left onto the bridge, and stay in the right lane",Static Referential,jeremykemmerer,./staging/labels_submission2 - Jeremy K.csv,15.8
2021.10.01.17.52.06_veh-28_01622_01687,163,314,Turn right,Non-Referential,jeremykemmerer,./staging/labels_submission2 - Jeremy K.csv,15.1
2021.10.06.19.27.33_veh-28_00121_00289,37,356,Turn right twice by the hotel,Static Referential,jeremykemmerer,./staging/labels_submission2 - Jeremy K.csv,31.9
2021.10.01.18.26.05_veh-28_01689_01890,466,823,Turn right at the parking garage,Static Referential,jeremykemmerer,./staging/labels_submission2 - Jeremy K.csv,35.7
2021.10.01.17.52.06_veh-28_00450_00599,383,718,"Get into the right lane, then go straight until the next intersection",Static Referential,jeremykemmerer,./staging/labels_submission2 - Jeremy K.csv,33.5
2021.10.01.13.28.54_veh-28_01421_01615,126,792,Turn left at the light,Static Referential,jeremykemmerer,./staging/labels_submission2 - Jeremy K.csv,66.6
2021.09.15.16.17.26_veh-28_01370_01439,52,278,Turn right at the stop sign,Static-Referential,jeremykemmerer,./staging/labels_submission2 - Jeremy K.csv,22.6
2021.09.15.13.12.49_veh-39_00022_00104,172,325,,Non-Referential,jeremykemmerer,./staging/labels_submission2 - Jeremy K.csv,15.3
2021.09.15.14.50.05_veh-28_00389_00508,42,295,,Non-Referential,jeremykemmerer,./staging/labels_submission2 - Jeremy K.csv,25.3
2021.09.15.16.51.15_veh-28_01468_01533,119,301,Go around the trucks,Dynamic Referential,jeremykemmerer,./staging/labels_submission2 - Jeremy K.csv,18.2
2021.10.01.19.16.42_veh-28_03215_03296,197,368,Follow the truck,Dynamic-Referential,jeremykemmerer,./staging/labels_submission2 - Jeremy K.csv,17.1
2021.09.15.11.49.23_veh-28_00520_00669,582,736,Turn right,Non-Referential,jeremykemmerer,./staging/labels_submission2 - Jeremy K.csv,15.4
2021.09.15.15.34.53_veh-28_01820_02314,1845,2282,"Turn right at the light, then stay in the left lane",Static-Referential,jeremykemmerer,./staging/labels_submission2 - Jeremy K.csv,43.7
2021.09.15.14.50.05_veh-28_01187_01281,270,450,,Non-Referential,jeremykemmerer,./staging/labels_submission2 - Jeremy K.csv,18.0
2021.09.15.13.12.49_veh-39_01329_01520,730,892,,Non-Referential,jeremykemmerer,./staging/labels_submission2 - Jeremy K.csv,16.2
2021.10.01.15.32.11_veh-28_01000_01136,400,661,,Non-Referential,jeremykemmerer,./staging/labels_submission2 - Jeremy K.csv,26.1
2021.09.15.12.32.43_veh-28_00625_00697,200,350,,Non-Referential,jeremykemmerer,./staging/labels_submission2 - Jeremy K.csv,15.0
2021.10.01.13.28.54_veh-28_00405_00547,357,668,"Go around the stopped car, then keep going straight",Static Referential,jeremykemmerer,./staging/labels_submission2 - Jeremy K.csv,31.1
2021.10.06.19.27.33_veh-28_00805_01736,864,2290,Turn right onto the bridge,Static Referential,jeremykemmerer,./staging/labels_submission2 - Jeremy K.csv,142.6
2021.10.01.17.52.06_veh-28_00098_00211,329,485,Go around the white car,Dynamic Referential,jeremykemmerer,./staging/labels_submission2 - Jeremy K.csv,15.6
2021.10.06.19.27.33_veh-28_00016_00079,155,305,,Non-Referential,jeremykemmerer,./staging/labels_submission2 - Jeremy K.csv,15.0
2021.10.06.17.43.07_veh-28_01118_01302,391,744,"Go all the way to the water, then turn left",Static Referential,jeremykemmerer,./staging/labels_submission2 - Jeremy K.csv,35.3
2021.09.15.14.27.22_veh-39_01166_01252,226,388,,Non-Referential,jeremykemmerer,./staging/labels_submission2 - Jeremy K.csv,16.2
2021.09.15.13.16.40_veh-28_00642_01267,1190,2269,Follow the car ahead,Dynamic Referential,jeremykemmerer,./staging/labels_submission2 - Jeremy K.csv,107.9
2021.09.15.13.52.55_veh-39_00371_00631,1083,1273,"Go past the park, then get in the right lane",Static Referential,jeremykemmerer,./staging/labels_submission2 - Jeremy K.csv,19.0
2021.09.15.11.49.23_veh-28_00520_00669,583,733,Turn right,Non-Referential,jeremykemmerer,./staging/labels_submission2 - Jeremy K.csv,15.0
